0#H61M-VG3#"MOTHER BOARD ASROCK H61M DDR3 1155 mATX (H61M-VG3) "######5213,42#Y#0,00#N##"lunes, 07 de abril de 2014"#1000000000000006#"TARJETAS MADRES"#H61M-VG3.jpg#1#1#0#0#10
1#H81M-VG4#"MOTHER BOARD ASROCK H81 / 1150 / DDR3 / 1600 / mATX (H81M / VG4) "######1772090,88#Y#0,00#N##"miércoles, 27 de septiembre de 2017"#1000000000000006#"TARJETAS MADRES"#H81M-VG4.jpeg#1#1#0#0#10
2#H81MHV3#"MOTHER BOARD BIOSTAR H81 / 1150 / DDR3 / 1600 / mATX (H81MHV3) "######1925629,44#Y#0,00#N##"miércoles, 27 de septiembre de 2017"#1000000000000006#"TARJETAS MADRES"#H81MHV3.jpg#1#1#0#0#10
3#COREI3-4160#"INTEL CORE i3 4160 1150 (COREI3-4160) "######5182566,14#Y#0,00#N##"miércoles, 27 de septiembre de 2017"#10000000000000Ao#"PROCESADORES"#COREI3-4160.jpg#1#1#0#0#10
4#G3220#"INTEL PENTIUM G3220 3.0GHz LGA 1150 "######5625,03#Y#0,00#N##"lunes, 07 de abril de 2014"#10000000000000Ao#"PROCESADORES"#G3220.jpg#1#1#0#0#10
5#SILICON#"SILICON TERMICO PARA PROCESADORES "######12,98#Y#0,00#N##"lunes, 07 de abril de 2014"#10000000000000Ao#"PROCESADORES"#SILICON.jpg#1#1#0#0#10
6#E1660SW#"MONITOR AOC LED 15.6'' E1660SW "######2190486,83#Y#0,00#N##"miércoles, 27 de septiembre de 2017"#1000000000000003#"MONITORES"#E1660SW.jpg#1#1#0#0#10
7#E970SWN#"MONITOR AOC 18.5'' LED E970SWN "######3437971,03#Y#0,00#N##"miércoles, 27 de septiembre de 2017"#1000000000000003#"MONITORES"#E970SWN.jpg#1#1#0#0#10
8#HP-V194#"MONITOR HP 18.5'' V194 LED NEGRO (HP-V194) "######3284774,51#Y#0,00#N##"miércoles, 27 de septiembre de 2017"#1000000000000003#"MONITORES"#HP-V194.jpg#1#1#0#0#10
9#I2269VWM#"MONITOR AOC I2269VWM 21.5'' LED (I2269VWM) "######4840434,96#Y#0,00#N##"miércoles, 27 de septiembre de 2017"#1000000000000003#"MONITORES"#I2269VWM.jpg#1#1#0#0#10
10#LS15#"PROTECTOR DE PANTALLA TFT 15 "######11,92#Y#0,00#N##"lunes, 07 de abril de 2014"#1000000000000003#"MONITORES"#LS15#1#1#0#0#10
11#DDR1GB-400#"MODULO DDR 1Gb - 400 "######1882,45#Y#0,00#N##"lunes, 07 de abril de 2014"#100000000000000A#"MEMORIAS"#DDR1GB-400.jpg#1#1#0#0#10
12#DDR2-1GB-800#"MEMORIA DDR2 DE 1Gb PC800 (DDR2-1GB-800) "######412115,67#Y#0,00#N##"miércoles, 27 de septiembre de 2017"#100000000000000A#"MEMORIAS"#DDR2-1GB-800.png#1#1#0#0#10
13#DDR2-2GB-800#"MEMORIA DDR2 2Gb PC-800 "######4265,23#Y#0,00#N##"lunes, 07 de abril de 2014"#100000000000000A#"MEMORIAS"#DDR2-2GB-800.jpg#1#1#0#0#10
14#DDR3-2GB-1333#"MEMORIA DDR3 2GB 1333 "######2620,30#Y#0,00#N##"lunes, 07 de abril de 2014"#100000000000000A#"MEMORIAS"#DDR3-2GB-1333.jpg#1#1#0#0#10
15#DDR3-4GB-1333#"MEMORIA DDR3 4Gb BUS 1333MHz "######869189,41#Y#0,00#N##"miércoles, 27 de septiembre de 2017"#100000000000000A#"MEMORIAS"#DDR3-4GB-1333.jpg#1#1#0#0#10
16#DDR3-8GB-1333#"MEMORIA DDR3 DE 8GB 1333MHz (DDR3-8GB-1333) "######1503621,26#Y#0,00#N##"miércoles, 27 de septiembre de 2017"#100000000000000A#"MEMORIAS"#DDR3-8GB-1333.jpg#1#1#0#0#10
17#KVR13N9S6/2#"MEMORIA DDR3 2Gb KINGSTON 1333MHz (KVR13N9S6 / 2) "######735813,79#Y#0,00#N##"miércoles, 27 de septiembre de 2017"#100000000000000A#"MEMORIAS"#KVR13N9S6_2.png#1#1#0#0#10
18#KVR13N9S8/4#"MEMORIA DDR3 4Gb KINGSTON 1333MHz (KVR13N9S8 / 4) "######966598,57#Y#0,00#N##"miércoles, 27 de septiembre de 2017"#100000000000000A#"MEMORIAS"#KVR13N9S8_4.jpg#1#1#0#0#10
19#SO4GB-DDR3#"SHORT DIMM DDR3 DE 4GB "######872900,86#Y#0,00#N##"miércoles, 27 de septiembre de 2017"#10000000000000Aq#"MEMORIA PARA LAPTOP"#SO4GB-DDR3.png#1#1#0#0#10
20#AUSDX128GUIC10#"MEMORIA 128Gb MICRO SD ADATA CLASE UHS-I CL10 (AUSDX128GUIC10) "######1673043,46#Y#0,00#N##"miércoles, 27 de septiembre de 2017"#10000000000000Au#"MEMORIAS SD"#AUSDX128GUIC10.jpg#1#1#0#0#10
21#AUSDX64GUICL10#"MEMORIA 64Gb MICRO SD ADATA CLASE USH-I CL10 (AUSDX64GUICL10) "######729956,45#Y#0,00#N##"miércoles, 27 de septiembre de 2017"#10000000000000Au#"MEMORIAS SD"#AUSDX64GUICL10.jpg#1#1#0#0#10
22#MICROSD16GB#"MICRO SD 16Gb "######217297,35#Y#0,00#N##"miércoles, 27 de septiembre de 2017"#10000000000000Au#"MEMORIAS SD"#MICROSD16GB.jpg#1#1#0#0#10
23#MICROSD32GB#"MICRO SD 32Gb "######418110,08#Y#0,00#N##"miércoles, 27 de septiembre de 2017"#10000000000000Au#"MEMORIAS SD"#MICROSD32GB.jpg#1#1#0#0#10
24#MICROSD4GB#"MICRO SD 4Gb "######539,26#Y#0,00#N##"lunes, 07 de abril de 2014"#10000000000000Au#"MEMORIAS SD"#MICROSD4GB.jpg#1#1#0#0#10
25#MICROSD8GB#"MICRO SD 8Gb "######607,83#Y#0,00#N##"lunes, 07 de abril de 2014"#10000000000000Au#"MEMORIAS SD"#MICROSD8GB.jpg#1#1#0#0#10
26#DT01ACA050#"DISCO DURO TOSHIBA 500Gb SATA 3 (DT01ACA050) "######5543,69#Y#0,00#N##"lunes, 07 de abril de 2014"#1000000000000002#"DISCOS DUROS"#DT01ACA050.jpg#1#1#0#0#10
27#DT01ACA100#"DISCO DURO TOSHIBA SATA3 1Tb (DT01ACA100) "######2058696,19#Y#0,00#N##"miércoles, 27 de septiembre de 2017"#1000000000000002#"DISCOS DUROS"#DT01ACA100.jpg#1#1#0#0#10
28#HTS545050B9A30#"DISCO DURO HITACHI 500Gb SATA 5400 rpm 2.5'' PARA LAPTOP (HT545050B9A30) "######1790643,46#Y#0,00#N##"miércoles, 27 de septiembre de 2017"#1000000000000002#"DISCOS DUROS"#HTS545050B9A30.jpg#1#1#0#0#10
29#MQ01ABD100#"DISCO DURO 1Tb TOSHIBA SATA2 2.5'' PARA LAPTOP (MQ01ABD100) "######2242942,46#Y#0,00#N##"miércoles, 27 de septiembre de 2017"#1000000000000002#"DISCOS DUROS"#MQ01ABD100.jpg#1#1#0#0#10
30#AHD650-1TU3CRD#"DISCO DURO EXTERNO ADATA HD650 1Tb ROJO USB 2.5'' (AHD650-1TU3CRD) "######2798194,58#Y#0,00#N##"miércoles, 27 de septiembre de 2017"#10000000000000Av#"DISCOS DUROS EXTERNOS"#AHD650-1TU3CRD.jpg#1#1#0#0#10
31#B2G79A#"IMPRESORA HP 1015 USB (B2G79A) "######4524,79#Y#0,00#N##"lunes, 07 de abril de 2014"#10000000000000Aw#"IMPRESORAS Y MULTIF. HP"#B2G79A.png#1#1#0#0#10
32#CZ181A#"MULTIFUNCIONAL HP MONOCROMATICA M127FN (CZ181A) "######8490062,62#Y#0,00#N##"miércoles, 27 de septiembre de 2017"#10000000000000Aw#"IMPRESORAS Y MULTIF. HP"#CZ181A.png#1#1#0#0#10
33#GT5820#"MULTIFUNCIONAL HP GT5820 COLOT (GT5820) "######7129307,14#Y#0,00#N##"miércoles, 27 de septiembre de 2017"#10000000000000Aw#"IMPRESORAS Y MULTIF. HP"#GT5820.jpg#1#1#0#0#10
34#P1102W#"IMPRESOR LASER JET HP P1102W 18 ppm (CE658A) "######5579045,39#Y#0,00#N##"miércoles, 27 de septiembre de 2017"#10000000000000Aw#"IMPRESORAS Y MULTIF. HP"#P1102W.png#1#1#0#0#10
35#L475#"MULTIFUNCIONAL EPSON L475 WIRELESS (L475) "######11220000,00#Y#0,00#N##"miércoles, 27 de septiembre de 2017"#10000000000000Ay#"IMPRESORAS Y MULTIF. EPSON"#L475.jpg#1#1#0#0#10
36#CPF#"CABLE DE COMUNICACION SERIAL "######260,75#Y#0,00#N##"lunes, 07 de abril de 2014"#1B00000000000000#"IMPRESORAS FISCALES"#CPF.png#1#1#0#0#10
37#PW201A#"ACCESS POINT MINI TENDA PW201A INALAMBRICO N300 POWERLINE 300MBPS (PW201A) "######1080144,88#Y#0,00#N##"miércoles, 27 de septiembre de 2017"#10000000000000At#"REDES"#PW201A.jpg#1#1#0#0#10
38#AC1200#"TP-LINK ROUTER ARCHER C50 A1200 DUAL BAND (AC1200) "######2002398,72#Y#0,00#N##"miércoles, 27 de septiembre de 2017"#10000000000000B1#"REDES TPLINK"#AC1200.jpg#1#1#0#0#10
39#AC600#"TP-LINK ADAPATADOR USB INALAMBRICO DOBLE BANDA AC600 ARCHER T2U (AC600) "######460487,73#Y#0,00#N##"miércoles, 27 de septiembre de 2017"#10000000000000B1#"REDES TPLINK"#AC600.jpg#1#1#0#0#10
40#AC750#"TP-LINK ROUTER ARCHER C20 AC 750MBPS (AC750) "######1291003,39#Y#0,00#N##"miércoles, 27 de septiembre de 2017"#10000000000000B1#"REDES TPLINK"#AC750.jpg#1#1#0#0#10
41#TD-8616#"TP-LINK MODEM ADSL2+ (TD-8616) "######576323,77#Y#0,00#N##"miércoles, 27 de septiembre de 2017"#10000000000000B1#"REDES TPLINK"#TD-8616.jpg#1#1#0#0#10
42#TD-8816#"TP-LINK MODEM ROUTER ADSL+2 TD-8816 (TD-8816) "######633385,53#Y#0,00#N##"miércoles, 27 de septiembre de 2017"#10000000000000B1#"REDES TPLINK"#TD-8816.jpg#1#1#0#0#10
43#TG-3468#"TP-LINK TARJETA DE RED PCI-E GIGABIT TG-3468 "######280847,62#Y#0,00#N##"miércoles, 27 de septiembre de 2017"#10000000000000B1#"REDES TPLINK"#TG-3468.jpg#1#1#0#0#10
44#TL-ANT2408C#"TP-LINK ANTENA 8DBI OMNIDIRECCIONAL (TL-ANT2408C) "######156758,28#Y#0,00#N##"miércoles, 27 de septiembre de 2017"#10000000000000B1#"REDES TPLINK"#TL-ANT2408C.png#1#1#0#0#10
45#TL-ANT2409CL#"TP-LINK ANTENA TL-ANT2409CL 9DBI SIN BASE (TL-ANT2409CL) "######217889,64#Y#0,00#N##"miércoles, 27 de septiembre de 2017"#10000000000000B1#"REDES TPLINK"#TL-ANT2409CL.jpg#1#1#0#0#10
46#TL-ANT24EC12N#"TP-LINK CABLE EXTENSION ANTENA 24EC12N 12Mts. "######400,05#Y#0,00#N##"lunes, 07 de abril de 2014"#10000000000000B1#"REDES TPLINK"#TL-ANT24EC12N.jpg#1#1#0#0#10
47#TL-ANT24EC5S#"TP-LINK CABLE EXTENSION ANTENA 24EC5S (TL-ANT24EC5S) "######411478,69#Y#0,00#N##"miércoles, 27 de septiembre de 2017"#10000000000000B1#"REDES TPLINK"#TL-ANT24EC5S.png#1#1#0#0#10
48#TL-ANT24EC6N#"TP-LINK CABLE EXTENSION ANTENA 24EC6N 6 Mts. "######240,02#Y#0,00#N##"lunes, 07 de abril de 2014"#10000000000000B1#"REDES TPLINK"#TL-ANT24EC6N.png#1#1#0#0#10
49#TL-MR3020#"TP-LINK ROUTER POCKET 3G INALAMBRICO N 150Mbps (TL-MR3020) "######582167,04#Y#0,00#N##"miércoles, 27 de septiembre de 2017"#10000000000000B1#"REDES TPLINK"#TL-MR3020.png#1#1#0#0#10
50#TL-MR3420#"TP-LINK MODEM USB WIRELESS 300MBPS ROUTER 3G (TL-MR3420) "######3213,24#Y#0,00#N##"lunes, 07 de abril de 2014"#10000000000000B1#"REDES TPLINK"#TL-MR3420.jpg#1#1#0#0#10
51#TL-PA4010KIT#"TP-LINK KIT POWERLINE TL-PA4010KIT NANO AV500 (TL-PA4010KIT) "######1073490,43#Y#0,00#N##"miércoles, 27 de septiembre de 2017"#10000000000000B1#"REDES TPLINK"#TL-PA4010KIT.jpg#1#1#0#0#10
52#TL-SF1005D#"TP-LINK SWITCH 10 / 100 5 PTOS (TL-SF1005D) "######795,18#Y#0,00#N##"lunes, 07 de abril de 2014"#10000000000000B1#"REDES TPLINK"#TL-SF1005D.png#1#1#0#0#10
53#TL-SF1008D#"SWITCH 10 / 100 8 PTOS "######1015,97#Y#0,00#N##"lunes, 07 de abril de 2014"#10000000000000B1#"REDES TPLINK"#TL-SF1008D.png#1#1#0#0#10
54#TL-SF1016DS#"TP-LINK SWITCH 16PTOS 10 / 100MBPS RACK (TL-SF1016DS) "######3594,42#Y#0,00#N##"lunes, 07 de abril de 2014"#10000000000000B1#"REDES TPLINK"#TL-SF1016DS.png#1#1#0#0#10
55#TL-SF1024#"TP-LINK SWITCH DE 24 PTOS PARA RACK TL-SF1024 "######1419591,94#Y#0,00#N##"miércoles, 27 de septiembre de 2017"#10000000000000B1#"REDES TPLINK"#TL-SF1024.png#1#1#0#0#10
56#TL-TF3239DL#"TP-LINK TARJETA DE RED PCI 10 / 100 "######421,94#Y#0,00#N##"lunes, 07 de abril de 2014"#10000000000000B1#"REDES TPLINK"#TL-TF3239DL.jpg#1#1#0#0#10
57#TL-TG3269#"TP-LINK TARJETA DE RED GIGABIT 10 / 100 / 1000 (TL-TG3269) "######697,81#Y#0,00#N##"lunes, 07 de abril de 2014"#10000000000000B1#"REDES TPLINK"#TL-TG3269.jpg#1#1#0#0#10
58#TL-W8961N#"TP-LINK ROUTER + MODEM ADSL+2 300MBPS 2 ANTENAS FIJAS (TL-W8961N) "######703590,45#Y#0,00#N##"miércoles, 27 de septiembre de 2017"#10000000000000B1#"REDES TPLINK"#TL-W8961N.jpg#1#1#0#0#10
59#TL-WA830RE#"TP-LINK ACCESS POINT TL-WA830RE RANGE EXTENDER 300MBPS (TL-WA830RE) "######588436,53#Y#0,00#N##"miércoles, 27 de septiembre de 2017"#10000000000000B1#"REDES TPLINK"#TL-WA830RE.jpg#1#1#0#0#10
60#TL-WA850RE#"TP-LINK ACCESS POINT TL-WA850RE 300MBPS (TL-WA850RE) "######543782,40#Y#0,00#N##"miércoles, 27 de septiembre de 2017"#10000000000000B1#"REDES TPLINK"##1#1#0#0#10
61#TL-WDN3200#"TP-LINK ADAPTADOR USB DUAL BAND N600 TL-WDN3200 (TL-WDN3200) "######906013,94#Y#0,00#N##"miércoles, 27 de septiembre de 2017"#10000000000000B1#"REDES TPLINK"#TL-WDN3200.jpg#1#1#0#0#10
62#TL-WDN4200#"TP-LINK ADAPTADOR USB INALAMBRICO 450MBPS (TL-WDN4200) "######652406,12#Y#0,00#N##"miércoles, 27 de septiembre de 2017"#10000000000000B1#"REDES TPLINK"#TL-WDN4200.jpg#1#1#0#0#10
63#TL-WN7200ND#"TP-LINK ADAPTADOR USB 150MBPS INALAMBRICO DE ALTA POTENCIA TL-WN7200ND "######356977,15#Y#0,00#N##"miércoles, 27 de septiembre de 2017"#10000000000000B1#"REDES TPLINK"#TL-WN7200ND.png#1#1#0#0#10
64#TL-WN725N#"TP-LINK ADAPTADOR USB NANO 150MBPS TL-WN725N "######770,85#Y#0,00#N##"lunes, 07 de abril de 2014"#10000000000000B1#"REDES TPLINK"#TL-WN725N.jpg#1#1#0#0#10
65#TL-WN751ND#"TP-LINK TARJETA DE RED PCI WIFI 150 MBPS TL-WN751ND "######255769,65#Y#0,00#N##"miércoles, 27 de septiembre de 2017"#10000000000000B1#"REDES TPLINK"#TL-WN751ND.jpg#1#1#0#0#10
66#TL-WN822N#"TP-LINK ADAPTADOR USB 300MBPS 2 ANTENAS (TL-WN822N) "######728488,47#Y#0,00#N##"miércoles, 27 de septiembre de 2017"#10000000000000B1#"REDES TPLINK"#TL-WN822N.png#1#1#0#0#10
67#TL-WN851ND#"TARJETA DE RED INALAMBRICA PCI TL-WN851ND "######422103,09#Y#0,00#N##"miércoles, 27 de septiembre de 2017"#10000000000000B1#"REDES TPLINK"#TL-WN851ND.jpg#1#1#0#0#10
68#TL-WN881ND#"TP-LINK TARJETA DE RED PCI-e INALAMBRICO 300MBPS TL-WN881ND (TL-WN881ND) "######409308,21#Y#0,00#N##"miércoles, 27 de septiembre de 2017"#10000000000000B1#"REDES TPLINK"#TL-WN881ND.jpg#1#1#0#0#10
69#TL-WR710N#"ROUTER TL-WR710N 150MBPS MINI (TL-WR710N) "######626821,17#Y#0,00#N##"miércoles, 27 de septiembre de 2017"#10000000000000B1#"REDES TPLINK"#TL-WR710N.jpg#1#1#0#0#10
70#TL-WR720N#"TP-LINK 150MBPS WIRELESS ROUTER TL-WR720N "######1781,79#Y#0,00#N##"lunes, 07 de abril de 2014"#10000000000000B1#"REDES TPLINK"#TL-WR720N.jpg#1#1#0#0#10
71#TL-WR741ND#"TP-LINK ROUTER INALAMBRICO 150MBPS (TL-WR741ND) "######1866,28#Y#0,00#N##"lunes, 07 de abril de 2014"#10000000000000B1#"REDES TPLINK"#TL-WR741ND.jpg#1#1#0#0#10
72#TL-WR840N#"TP-LINK ROUTER INAL. TL-WR840N 300MBPS (TL-WR840N) 2 ANTENAS INCORPORADAS "######484925,95#Y#0,00#N##"miércoles, 27 de septiembre de 2017"#10000000000000B1#"REDES TPLINK"#TL-WR840N.png#1#1#0#0#10
73#TL-WR841HP#"TP-LINK ROUTER TL-WR841HP 300MBPS "######4186,96#Y#0,00#N##"lunes, 07 de abril de 2014"#10000000000000B1#"REDES TPLINK"#TL-WR841HP.jpg#1#1#0#0#10
74#TL-WR841N#"TP-LINK ROUTER WIRELESS N 300Mbps (TL-WR841N) "######2434,27#Y#0,00#N##"lunes, 07 de abril de 2014"#10000000000000B1#"REDES TPLINK"#TL-WR841N.png#1#1#0#0#10
75#TL-WR845N#"TP-LINK ROUTER TL-WR845N 3ANTENAS 5dbi 300MBPS (TL-WR845N) "######548900,35#Y#0,00#N##"miércoles, 27 de septiembre de 2017"#10000000000000B1#"REDES TPLINK"#TL-WR845N.jpg#1#1#0#0#10
76#TL-WR940N#"TP-LINK ROUTER TL-WR940N 450 MBPS 3 ANTENAS "######607756,80#Y#0,00#N##"miércoles, 27 de septiembre de 2017"#10000000000000B1#"REDES TPLINK"#TL-WR940N.jpg#1#1#0#0#10
77#TL-WR941HP#"TP-LINK ROUTER TL-WR941HP 3 ANTENAS ALTA POTENCIA 450MBPS (TL-WR941HP) "######1461815,04#Y#0,00#N##"miércoles, 27 de septiembre de 2017"#10000000000000B1#"REDES TPLINK"#TL-WR941HP.jpg#1#1#0#0#10
78#TL-WR945N#"TP-LINK ROUTER TL-WR945N 3 ANTENAS 5dbi 450MBPS (TL-WR945N) "######850859,52#Y#0,00#N##"miércoles, 27 de septiembre de 2017"#10000000000000B1#"REDES TPLINK"#TL-WR945N.jpg#1#1#0#0#10
79#DH904#"CARDREADER DH904 (DH904) "######155,20#Y#0,00#N##"lunes, 07 de abril de 2014"#1000000000000005#"UNIDADES DE ALMACENAMIENTO"#DH904.jpg#1#1#0#0#10
80#DVDRWEXT#"DVD RW EXTERNO "######1099875,46#Y#0,00#N##"miércoles, 27 de septiembre de 2017"#1000000000000005#"UNIDADES DE ALMACENAMIENTO"#DVDRWEXT.jpg#1#1#0#0#10
81#DVDRWLITEONSAT#"DVD RW LITE ON SATA "######645058,13#Y#0,00#N##"miércoles, 27 de septiembre de 2017"#1000000000000005#"UNIDADES DE ALMACENAMIENTO"#DVDRWLITEONSAT.jpg#1#1#0#0#10
82#ENUCR-3#"ENCORE EXPRESS CARD READER (ENUCR-3) "######234645,17#Y#0,00#N##"miércoles, 27 de septiembre de 2017"#1000000000000005#"UNIDADES DE ALMACENAMIENTO"#ENUCR-3.jpg#1#1#0#0#10
83#ENUCR-3W#"ENCORE 3WAY COPY CARD READER (ENUCR-3W) "######167843,47#Y#0,00#N##"miércoles, 27 de septiembre de 2017"#1000000000000005#"UNIDADES DE ALMACENAMIENTO"#ENUCR-3W.jpg#1#1#0#0#10
84#ROUND#"SABRENT ROUND ENCLOUSURE 2.5'' USB 3.0 (ROUND) "######310598,57#Y#0,00#N##"miércoles, 27 de septiembre de 2017"#1000000000000005#"UNIDADES DE ALMACENAMIENTO"#ROUND.jpg#1#1#0#0#10
85#USA-UC1136#"LECTOR MINIATURA DE TARJETAS (USA-UC1136) "######76099,90#Y#0,00#N##"miércoles, 27 de septiembre de 2017"#1000000000000005#"UNIDADES DE ALMACENAMIENTO"#USA-UC1136.jpg#1#1#0#0#10
86#ERM-40#"AUDIFONO MYO PLUG HEADSET NEGRO (ERM-40) "######150256,69#Y#0,00#N##"miércoles, 27 de septiembre de 2017"#1D000000000000B0#"AUDIFONOS Y MICROFONOS"#ERM-40.jpg#1#1#0#0#10
87#AC008-64GRKD#"PEN DRIVE 64Gb ADATA C008 NEGRO CON ROJO (AC008-64GRKD) "######663542,48#Y#0,00#N##"miércoles, 27 de septiembre de 2017"#1C000000000000B0#"PEN DRIVE"#AC008-64GRKD.jpg#1#1#0#0#10
88#AUV100-16GRBK#"PEN DRIVE 16Gb ADATA UV100 NEGRO (AUV100-16GRBK) "######232738,87#Y#0,00#N##"miércoles, 27 de septiembre de 2017"#1C000000000000B0#"PEN DRIVE"#AUV100-16GRBK.jpg#1#1#0#0#10
89#AUV100-16GRRD#"PEN DRIVE 16Gb ADATA UV100 ROJO (AUV100-16GRRD) "######232738,87#Y#0,00#N##"miércoles, 27 de septiembre de 2017"#1C000000000000B0#"PEN DRIVE"#AUV100-16GRRD.jpg#1#1#0#0#10
90#CORDONES#"CORDON PARA PEN DRIVE "######31475,40#Y#0,00#N##"miércoles, 27 de septiembre de 2017"#1C000000000000B0#"PEN DRIVE"#CORDONES.jpg#1#1#0#0#10
91#DT50/32GB#"PEN DRIVE 32GB KINGSTON (DT50 / 32GB) "######500151,86#Y#0,00#N##"miércoles, 27 de septiembre de 2017"#1C000000000000B0#"PEN DRIVE"##1#1#0#0#10
92#DTSE9H/16GB#"PEN DRIVE 16GB KINGSTO (DTSE9H / 16GB)  "######240415,80#Y#0,00#N##"miércoles, 27 de septiembre de 2017"#1C000000000000B0#"PEN DRIVE"##1#1#0#0#10
93#MEMOREX-16GB#"PEN DRIVE MEMOREX 16Gb USB (MEMOREX-16GB) "######232738,87#Y#0,00#N##"miércoles, 27 de septiembre de 2017"#1C000000000000B0#"PEN DRIVE"#MEMOREX-16GB.jpg#1#1#0#0#10
94#SDCZ50-0086B35#"PEN DRIVE 8GB SANDISK MINI (SDCZ50-0086B35) "######214314,24#Y#0,00#N##"miércoles, 27 de septiembre de 2017"#1C000000000000B0#"PEN DRIVE"##1#1#0#0#10
95#SDCZ50-016GB35#"PEN DRIVE 16GB SANDISK MINI (SDCZ50-0086B35) "######232738,87#Y#0,00#N##"miércoles, 27 de septiembre de 2017"#1C000000000000B0#"PEN DRIVE"##1#1#0#0#10
96#TEAMC125-16GB#"PEN DRIVE TEAM C125 16Gb (TEAMC125-16GB) "######232738,87#Y#0,00#N##"miércoles, 27 de septiembre de 2017"#1C000000000000B0#"PEN DRIVE"#TEAMC125-16GB.jpg#1#1#0#0#10
97#TVMSIGT210#"T.V. MSI Ge FORCE GT210 1GB DDR3 PCI-e (TVMSIGT210) "######1305510,37#Y#0,00#N##"miércoles, 27 de septiembre de 2017"#1000000000000001#"TARJETAS DE VIDEO"#TVMSIGT210.jpg#1#1#0#0#10
98#ATP-AVR1008#"REGULADOR DE VOLTAJE ATP-AVR1008 1000VA 8 TOMAS (ATP-AVR1008) "######374762,04#Y#0,00#N##"miércoles, 27 de septiembre de 2017"#100000000000000N#"REGULADORES"#ATP-AVR1008.jpg#1#1#0#0#10
99#PCG1200S#"REGULADOR ARAWAK 1200va 6 SALIDAS (PCG1200S) "######262295,04#Y#0,00#N##"miércoles, 27 de septiembre de 2017"#100000000000000N#"REGULADORES"#PCG1200S.jpg#1#1#0#0#10
100#RKODE1000#"REGULADOR 1000VA KODE "######403038,72#Y#0,00#N##"miércoles, 27 de septiembre de 2017"#100000000000000N#"REGULADORES"#RKODE1000.jpg#1#1#0#0#10
101#TL-6B#"REGLETA POLUX 6 TOMAS PLASTICA (TL-6B) "######95961,60#Y#0,00#N##"miércoles, 27 de septiembre de 2017"#100000000000000N#"REGULADORES"#TL-6B.jpg#1#1#0#0#10
102#ZUGET-401#"ZUGET PROTECTOR DE PICOS DE VOLTAJE X 1 (ZUGET-401) "######169532,16#Y#0,00#N##"miércoles, 27 de septiembre de 2017"#100000000000000N#"REGULADORES"#ZUGET-401.jpg#1#1#0#0#10
103#ZUGET-402#"ZUGET PROTECTOR DE PICOS DE VOLTAJE 3 EN 1 (ZUGET-402) "######237856,82#Y#0,00#N##"miércoles, 27 de septiembre de 2017"#100000000000000N#"REGULADORES"#ZUGET-402.jpg#1#1#0#0#10
104#C2121D72718C22#"CASE LINKWORLD COMBO MICATX MOUSE Y SPEAKER NEGRO (C2121D72718C22) "######1094185,07#Y#0,00#N##"miércoles, 27 de septiembre de 2017"#1D00000000000000#"CASES"#C2121D72718C22.jpg#1#1#0#0#10
105#CASE#"CASE MID TOWER NEGRO (CASE) "######1274565,70#Y#0,00#N##"miércoles, 27 de septiembre de 2017"#1D00000000000000#"CASES"##1#1#0#0#10
106#M-16(1B)#"CASE ARTEX NEGRO M-16(1B) "######1028402,40#Y#0,00#N##"miércoles, 27 de septiembre de 2017"#1D00000000000000#"CASES"#M-16(1B).jpg#1#1#0#0#10
107#M-16(5R)#"CASE ARTEX ROJO M-16(5R) "######1028402,40#Y#0,00#N##"miércoles, 27 de septiembre de 2017"#1D00000000000000#"CASES"#M-16(5R).jpg#1#1#0#0#10
108#MYO-ATXCB80#"CASE COMBO MYO ATX MID TOWER NEGRO TEC MOUSE Y SPEAKER (MYO-ATXCB80) "######1203822,85#Y#0,00#N##"miércoles, 27 de septiembre de 2017"#1D00000000000000#"CASES"##1#1#0#0#10
109#MYO-MATX3950#"CASE MYO MINI ITX BLACP PIANO FINISH 500W (MYO-MATX3950) "######997703,82#Y#0,00#N##"miércoles, 27 de septiembre de 2017"#1D00000000000000#"CASES"##1#1#0#0#10
110#DLP-21D#"FUENTE DE PODER DLP-21D 550W (DLP-21D) "######466551,16#Y#0,00#N##"miércoles, 27 de septiembre de 2017"#1E000000000000B0#"FUENTES PARA CASES"##1#1#0#0#10
111#KD-600#"FUENTE DE PODER 600W (KD-600) "######511550,63#Y#0,00#N##"miércoles, 27 de septiembre de 2017"#1E000000000000B0#"FUENTES PARA CASES"#KD-600.jpg#1#1#0#0#10
112#MYOSLIM500W#"FUENTE MYO SLIM 500W (MYOSLIM500W) "######510424,73#Y#0,00#N##"miércoles, 27 de septiembre de 2017"#1E000000000000B0#"FUENTES PARA CASES"##1#1#0#0#10
113#OM14P35NAS#"FUENTE DE PODER OMEGA ATX 1200W (OM14P35NAS) "######598482,76#Y#0,00#N##"miércoles, 27 de septiembre de 2017"#1E000000000000B0#"FUENTES PARA CASES"##1#1#0#0#10
114#AS-R900#"UPS ASIUM 850VA  /  480W (AS-R900) "######1394367,70#Y#0,00#N##"miércoles, 27 de septiembre de 2017"#1A000000000000B0#"U.P.S."##1#1#0#0#10
115#ATP-S1010U#"UPS SMART ATP-S1010U 1000VA 10 TOMAS (ATP-S1010U) "######2166045,24#Y#0,00#N##"miércoles, 27 de septiembre de 2017"#1A000000000000B0#"U.P.S."##1#1#0#0#10
116#ATP-S2010U#"UPS SMART ATP-S2010U 2000VA (ATP-S2010U) "######4873569,79#Y#0,00#N##"miércoles, 27 de septiembre de 2017"#1A000000000000B0#"U.P.S."##1#1#0#0#10
117#ATP-UPR1008#"UPS INTERACTIVE SERIES ATP-UPR1008 1000VA 8 TOMAS (ATP-UPR1008)  "######1567372,80#Y#0,00#N##"miércoles, 27 de septiembre de 2017"#1A000000000000B0#"U.P.S."##1#1#0#0#10
118#ATP-UPR758#"UPS INTERACTIVE ATP 750VA 8 TOMAS (ATP-UPR758) "######1292154,93#Y#0,00#N##"miércoles, 27 de septiembre de 2017"#1A000000000000B0#"U.P.S."##1#1#0#0#10
119#HBL2610#"TOMA SENCILLA MEDIA VUELTA 2P / 3W / 30AMP NEMA L5 30R HUBBELL  "######182,50#Y#0,00#N##"lunes, 07 de abril de 2014"#1A000000000000B0#"U.P.S."#HBL2610.jpg#1#1#0#0#10
120#APT-CCD100#"LECTOR DE BARRA ADVANCED CCD 100 MEDIANO ALCANCE USB NEGRO (APT-CCD100) "######412634,88#Y#0,00#N##"miércoles, 27 de septiembre de 2017"#1F000000000000B0#"PUNTOS DE VENTA"##1#1#0#0#10
121#APT-CON232#"CONVERTIDOR PARA PUERTO RS232 INCLUYE FUENTE DE PODER "######283,10#Y#0,00#N##"lunes, 07 de abril de 2014"#1F000000000000B0#"PUNTOS DE VENTA"##1#1#0#0#10
122#APT-LS4090#"LECTOR ADVANCED LS4090 LASER USB "######1022310,91#Y#0,00#N##"miércoles, 27 de septiembre de 2017"#1F000000000000B0#"PUNTOS DE VENTA"#APT-LS4090.jpg#1#1#0#0#10
123#APT-POSL420B#"GAVETA PORTA DINERO ADVANCED RJ  "######4849,95#Y#0,00#N##"lunes, 07 de abril de 2014"#1F000000000000B0#"PUNTOS DE VENTA"#APT-POSL420B.jpg#1#1#0#0#10
124#MET-5959000F3#"CABLE METROLOGIC RS232 SBR STRAIGHT POWER LINK (MET-5959000F3) "######596,00#Y#0,00#N##"lunes, 07 de abril de 2014"#1F000000000000B0#"PUNTOS DE VENTA"#MET-5959000F3.jpg#1#1#0#0#10
125#286142#"OMEGA TECADO Y MOUSE PS2 (286142) "######431689,96#Y#0,00#N##"miércoles, 27 de septiembre de 2017"#1E00000000000000#"TECLADOS"##1#1#0#0#10
126#31300714102#"TECLADO GENIUS SLIMSTAR 130 USB (31300714102) "######322715,95#Y#0,00#N##"miércoles, 27 de septiembre de 2017"#1E00000000000000#"TECLADOS"##1#1#0#0#10
127#315220#"OMEGA TECLADO MOUSE Y PARLANTE USB (315220) "######504040,24#Y#0,00#N##"miércoles, 27 de septiembre de 2017"#1E00000000000000#"TECLADOS"##1#1#0#0#10
128#AKP11#"TARGUS TECLADO NUMERICO WIRELESS (AKP11) "######1431,31#Y#0,00#N##"lunes, 07 de abril de 2014"#1E00000000000000#"TECLADOS"#AKP11.jpg#1#1#0#0#10
129#KB-125#"TECLADO GENIUS KB-125 USB ESPANOL (KB-125) "######256261,02#Y#0,00#N##"miércoles, 27 de septiembre de 2017"#1E00000000000000#"TECLADOS"##1#1#0#0#10
130#KB-8000X#"COMBO GENIUS TECLADO Y MOUSE MODELO KB-8000X WIRELESS USB (KB-8000X) "######543992,68#Y#0,00#N##"miércoles, 27 de septiembre de 2017"#1E00000000000000#"TECLADOS"##1#1#0#0#10
131#KB-83#"TECLADO MYO KB-83 MULTIMEDIA USB (KB-83) "######173538,16#Y#0,00#N##"miércoles, 27 de septiembre de 2017"#1E00000000000000#"TECLADOS"##1#1#0#0#10
132#MYO-KB25S#"TECLADO MYO USB ESTANDAR NEGRO MODELO KB25S (MYO-KB25S) "######163134,72#Y#0,00#N##"miércoles, 27 de septiembre de 2017"#1E00000000000000#"TECLADOS"##1#1#0#0#10
133#MYO-WKM85#"MYO TECLADO Y MOUSE COMBO WIRELESS (MYO-WKM85) "######499699,22#Y#0,00#N##"miércoles, 27 de septiembre de 2017"#1E00000000000000#"TECLADOS"##1#1#0#0#10
134#AGI-8055#"VENTILDOR PARA CASE 120 X 120 mm (AGI-8055) "######112866,43#Y#0,00#N##"miércoles, 27 de septiembre de 2017"#10000000000000B3#"COOLER"#AGI-8055#1#1#0#0#10
135#AGI-8055C#"VENTILADOR PARA CASE 120MM X 120MM TRANSPARENTE (AGI-8055C) "######74,50#Y#0,00#N##"lunes, 07 de abril de 2014"#10000000000000B3#"COOLER"#AGI-8055C#1#1#0#0#10
136#AGI-8777#"COOLING FAN 3 / 5 CPU INTEL (AGI-8777) "######177,31#Y#0,00#N##"lunes, 07 de abril de 2014"#10000000000000B3#"COOLER"#AGI-8777.jpg#1#1#0#0#10
137#COL-775#"VENTILADOR PARA 775 "######448,50#Y#0,00#N##"lunes, 07 de abril de 2014"#10000000000000B3#"COOLER"#COL-775.jpg#1#1#0#0#10
138#COOLS7/S370#"COOLIN FAN S7 - S370 "######26,82#Y#0,00#N##"lunes, 07 de abril de 2014"#10000000000000B3#"COOLER"#COOLS7_S370#1#1#0#0#10
139#FANVGA5X5#"VENTILADOR VGA 50X50 "######16,39#Y#0,00#N##"lunes, 07 de abril de 2014"#10000000000000B3#"COOLER"#FANVGA5X5.jpg#1#1#0#0#10
140#SF-8025C#"VENTILADOR PARA CASE TRANSPARENTES "######95649,51#Y#0,00#N##"miércoles, 27 de septiembre de 2017"#10000000000000B3#"COOLER"#SF-8025C.jpg#1#1#0#0#10
141#ST-900#"CENTRAL SYSTEM FAN 3 1 / 2'' (ST-900) "######39073,13#Y#0,00#N##"miércoles, 27 de septiembre de 2017"#10000000000000B3#"COOLER"##1#1#0#0#10
142#UF-SF-88-11-2#"VENTILADOR TRANSPARENTE CON LUCES PARA CPU USANET (UF-SF-88-11-2) "######95649,51#Y#0,00#N##"miércoles, 27 de septiembre de 2017"#10000000000000B3#"COOLER"#UF-SF-88-11-2.jpg#1#1#0#0#10
143#VFP#"VENTILADOR PARA FUENTE DE PODER "######105,92#Y#0,00#N##"lunes, 07 de abril de 2014"#10000000000000B3#"COOLER"#VFP.png#1#1#0#0#10
144#CKVM8#"CABLE PARA KVM 8 PUERTOS "######205,10#Y#0,00#N##"lunes, 07 de abril de 2014"#10000000000000BA#"DATA SWITCH Y KVM"#CKVM8.jpg#1#1#0#0#10
145#DSSS#"DATA SWITCH SERIAL / SERIAL "######78,97#Y#0,00#N##"lunes, 07 de abril de 2014"#10000000000000BA#"DATA SWITCH Y KVM"#DSSS.png#1#1#0#0#10
146#TMUS2#"DATA SWITCH USB 2 POSICIONES "######113,24#Y#0,00#N##"lunes, 07 de abril de 2014"#10000000000000BA#"DATA SWITCH Y KVM"#TMUS2.jpg#1#1#0#0#10
147#BOTAPROTRJ-45#"BOTAS DE PROTECCION PARA CONECTOR RJ-45  "######0,30#Y#0,00#N##"lunes, 07 de abril de 2014"#10000000000000B2#"ACCESORIOS PARA REDES"#BOTAPROTRJ-45.png#1#1#0#0#10
148#CAB-UTP-OUT#"CABLE UTP NIVEL 5 PARA EXTERIORES (CAB-UTP-OUT) "######9183,00#Y#0,00#N##"miércoles, 27 de septiembre de 2017"#10000000000000B2#"ACCESORIOS PARA REDES"##1#1#0#0#10
149#CRJ9#"CONECTOR RJ-9 "######0,75#Y#0,00#N##"lunes, 07 de abril de 2014"#10000000000000B2#"ACCESORIOS PARA REDES"#CRJ9.png#1#1#0#0#10
150#CS001#"CAJERA SUPERFICIALE RJ-45 "######20,12#Y#0,00#N##"lunes, 07 de abril de 2014"#10000000000000B2#"ACCESORIOS PARA REDES"#CS001.jpg#1#1#0#0#10
151#CS002-RJ45#"CAJERA SUPERFICIAL DOBLE RJ-45 "######22938,83#Y#0,00#N##"miércoles, 27 de septiembre de 2017"#10000000000000B2#"ACCESORIOS PARA REDES"#CS002-RJ45.jpg#1#1#0#0#10
152#CT261#"FILTRO ADSL VCOM (CT261) "######39689,25#Y#0,00#N##"miércoles, 27 de septiembre de 2017"#10000000000000B2#"ACCESORIOS PARA REDES"##1#1#0#0#10
153#CT4PN5#"CABLE TELEFONICO DE 4 PARES NIVEL 5 "######2,34#Y#0,00#N##"lunes, 07 de abril de 2014"#10000000000000B2#"ACCESORIOS PARA REDES"#CT4PN5.png#1#1#0#0#10
154#FACE-2#"FACE PLATE DOBLE "######39,95#Y#0,00#N##"lunes, 07 de abril de 2014"#10000000000000B2#"ACCESORIOS PARA REDES"#FACE-2.png#1#1#0#0#10
155#FACE-3#"FACE PLATE TRIPLE "######19455,51#Y#0,00#N##"miércoles, 27 de septiembre de 2017"#10000000000000B2#"ACCESORIOS PARA REDES"#FACE-3.jpg#1#1#0#0#10
156#FACE-4#"FACE PLATE 4 PTOS  "######37,32#Y#0,00#N##"lunes, 07 de abril de 2014"#10000000000000B2#"ACCESORIOS PARA REDES"#FACE-4.png#1#1#0#0#10
157#FPL260#"FACE PLATE HUBBEL 6 PUERTOS (FPL260) "######37,32#Y#0,00#N##"lunes, 07 de abril de 2014"#10000000000000B2#"ACCESORIOS PARA REDES"#FPL260.jpg#1#1#0#0#10
158#FS-38#"PATCH CORD 30CM (FS-38) "######16,39#Y#0,00#N##"lunes, 07 de abril de 2014"#10000000000000B2#"ACCESORIOS PARA REDES"#FS-38.jpg#1#1#0#0#10
159#FSC-38-3#"PATCH CORD 3Mts. "######125,16#Y#0,00#N##"lunes, 07 de abril de 2014"#10000000000000B2#"ACCESORIOS PARA REDES"#FSC-38-3.jpg#1#1#0#0#10
160#FSC-38-5#"PATCH CORD 5Mts. "######56,62#Y#0,00#N##"lunes, 07 de abril de 2014"#10000000000000B2#"ACCESORIOS PARA REDES"##1#1#0#0#10
161#HB4-NV#"RACK PARED ABIERTO 4RU (HB4-NV) "######2310,01#Y#0,00#N##"lunes, 07 de abril de 2014"#10000000000000B2#"ACCESORIOS PARA REDES"#HB4-NV.jpg#1#1#0#0#10
162#HN3-KJ-660-WHB#"JACK RJ-11 CAT 3 / 4 IDC (HN3-KJ-660-WHB) "######83,99#Y#0,00#N##"lunes, 07 de abril de 2014"#10000000000000B2#"ACCESORIOS PARA REDES"#HN3-KJ-660-WHB.png#1#1#0#0#10
163#HN5E-KJ-880-OR#"JACK CATEGORIA 5E RJ45 ORANGE (HN5E-KJ-880-OR) "######49650,47#Y#0,00#N##"miércoles, 27 de septiembre de 2017"#10000000000000B2#"ACCESORIOS PARA REDES"##1#1#0#0#10
164#HN5E-KJ-880BLA#"JACK CAT 5e AZUL (HN5E-KJ-880BL-A) "######117,17#Y#0,00#N##"lunes, 07 de abril de 2014"#10000000000000B2#"ACCESORIOS PARA REDES"#HN5E-KJ-880BLA.png#1#1#0#0#10
165#HN5E-LC-8P8C#"UNION RJ-45 (HN5E-LC-8P8C) "######30973,18#Y#0,00#N##"miércoles, 27 de septiembre de 2017"#10000000000000B2#"ACCESORIOS PARA REDES"##1#1#0#0#10
166#HN5E-PC-02#"PATCH CORD 2Ft / 06Mts (HN5E-PC-02) "######55,04#Y#0,00#N##"lunes, 07 de abril de 2014"#10000000000000B2#"ACCESORIOS PARA REDES"#HN5E-PC-02.png#1#1#0#0#10
167#HN5E-PC-03#"PATCH CORD 3Ft / 09MtS (HN5E-PC-03) "######73,71#Y#0,00#N##"lunes, 07 de abril de 2014"#10000000000000B2#"ACCESORIOS PARA REDES"#HN5E-PC-03.jpg#1#1#0#0#10
168#HN5E-PC-05#"PATCH CORD 5Ft / 150Mts. (HN5E-PC-05) "######95,40#Y#0,00#N##"lunes, 07 de abril de 2014"#10000000000000B2#"ACCESORIOS PARA REDES"#HN5E-PC-05.jpg#1#1#0#0#10
169#HN5E-PC-07#"PATCH CORD 7Ft / 210Mts. (HN5E-PC-07) "######114,98#Y#0,00#N##"lunes, 07 de abril de 2014"#10000000000000B2#"ACCESORIOS PARA REDES"#HN5E-PC-07.jpg#1#1#0#0#10
170#HN5E-PC-10#"PATCH CORD 10Ft / 3Mts (HN5E-PC-10) "######151,35#Y#0,00#N##"lunes, 07 de abril de 2014"#10000000000000B2#"ACCESORIOS PARA REDES"#HN5E-PC-10.jpg#1#1#0#0#10
171#HN5E-PC-14#"PATCH CORD 14Ft / 420Mts (HN5E-PC-14) "######206,35#Y#0,00#N##"lunes, 07 de abril de 2014"#10000000000000B2#"ACCESORIOS PARA REDES"#HN5E-PC-14.jpg#1#1#0#0#10
172#HN5E-RJ-8P8C#"CONECTOR RJ45 8P8C (HN5E-RJ-8P8C) "######7003,99#Y#0,00#N##"miércoles, 27 de septiembre de 2017"#10000000000000B2#"ACCESORIOS PARA REDES"#HN5E-RJ-8P8C.jpg#1#1#0#0#10
173#HN6-PC-03-BL#"PATCH CORD CAT6 3ft AZUL (HN6-PC-03-BL) "######40311,83#Y#0,00#N##"miércoles, 27 de septiembre de 2017"#10000000000000B2#"ACCESORIOS PARA REDES"##1#1#0#0#10
174#HN6-PC-07-BL#"PATCH CORD CAT6 7ft AZUL (HN6-PC-07-BL) "######74553,53#Y#0,00#N##"miércoles, 27 de septiembre de 2017"#10000000000000B2#"ACCESORIOS PARA REDES"##1#1#0#0#10
175#HNBO-4X2-WH#"JUCTION BOX 4X2 FOR WALL PLATES (HNBO-4X2-WH) "######93,21#Y#0,00#N##"lunes, 07 de abril de 2014"#10000000000000B2#"ACCESORIOS PARA REDES"#HNBO-4X2-WH.png#1#1#0#0#10
176#LM-CAP01#"CANALETAS 12X12 (LM-CAP01) "######119,20#Y#0,00#N##"lunes, 07 de abril de 2014"#10000000000000B2#"ACCESORIOS PARA REDES"#LM-CAP01.jpg#1#1#0#0#10
177#NFP-2018#"FACE PLATE 1 PUERTO "######39,95#Y#0,00#N##"lunes, 07 de abril de 2014"#10000000000000B2#"ACCESORIOS PARA REDES"#NFP-2018.jpg#1#1#0#0#10
178#PAQ100RJ45#"PAQUETE DE 100 CONECTORES RJ45 (PAQ100RJ45) "######578996,12#Y#0,00#N##"miércoles, 27 de septiembre de 2017"#10000000000000B2#"ACCESORIOS PARA REDES"##1#1#0#0#10
179#PAQ10CONECTORE#"PAQ. 10 CONECTORES RJ-45 "######21,31#Y#0,00#N##"lunes, 07 de abril de 2014"#10000000000000B2#"ACCESORIOS PARA REDES"#PAQ10CONECTORE.jpg#1#1#0#0#10
180#PAQ50BOTASAZUL#"PAQ DE 50 BOTAS AZULES PARA RJ-45 (PAQ50BOTASAZUL) "######127948,80#Y#0,00#N##"miércoles, 27 de septiembre de 2017"#10000000000000B2#"ACCESORIOS PARA REDES"##1#1#0#0#10
181#PATCHCORD0.5MT#"PATCH CORD 0.5Mts CAT5e (PATCHCORD0.5MT) "######21751,30#Y#0,00#N##"miércoles, 27 de septiembre de 2017"#10000000000000B2#"ACCESORIOS PARA REDES"##1#1#0#0#10
182#UTP-CAT5E-GY#"BOBINA DE CABLE HN UTP 4 PARES CATE5e GRIS 70% COBRE 30% ALUMINIO (UTP-CAT5E-GY) "######3888,65#Y#0,00#N##"lunes, 07 de abril de 2014"#10000000000000B2#"ACCESORIOS PARA REDES"#UTP-CAT5E-GY.jpg#1#1#0#0#10
183#AGI-1117#"CABLE EXTENSION DVI 24+1 PIN  "######73,01#Y#0,00#N##"lunes, 07 de abril de 2014"#100000000000000K#"CABLES"#agi-1117.jpg#1#1#0#0#10
184#AGI-1119#"CABLE DVI MACHO A DVI HEMBRA 1.8 Mts. "######135,59#Y#0,00#N##"lunes, 07 de abril de 2014"#100000000000000K#"CABLES"#AGI-1119.jpg#1#1#0#0#10
185#AGI-1123#"CABLE ALIMENTACION PARA NOTEBOOK 3S (AGI-1123) "######40418,75#Y#0,00#N##"miércoles, 27 de septiembre de 2017"#100000000000000K#"CABLES"#AGI-1123.jpg#1#1#0#0#10
186#AGI-1127#"CABLE HDMI A MINI HDMI 1.8MTs (AGI-1127) "######96,85#Y#0,00#N##"lunes, 07 de abril de 2014"#100000000000000K#"CABLES"#AGI-1127.jpg#1#1#0#0#10
187#AGI-1144#"CABLE USB A DC JACK 3.5MM (AGI-1144) "######13758,22#Y#0,00#N##"miércoles, 27 de septiembre de 2017"#100000000000000K#"CABLES"#AGI-1144.jpg#1#1#0#0#10
188#AGI-1306#"CABLE USB 6Ft (AGI-1306) "######28213,87#Y#0,00#N##"miércoles, 27 de septiembre de 2017"#100000000000000K#"CABLES"##1#1#0#0#10
189#AGI-1335#"CABLE USB A FIREWIRE 1645 4 PINES "######23,84#Y#0,00#N##"lunes, 07 de abril de 2014"#100000000000000K#"CABLES"#AGI-1335.png#1#1#0#0#10
190#AGI-1345M#"CABLE VGA 15M / 15M 5Mts. "######356,11#Y#0,00#N##"lunes, 07 de abril de 2014"#100000000000000K#"CABLES"#AGI-1345M.jpg#1#1#0#0#10
191#AGI-1394#"CABLE 4 PIN 1394 A 4 PIN 1394 (AGI-1394) "######23458,72#Y#0,00#N##"miércoles, 27 de septiembre de 2017"#100000000000000K#"CABLES"#AGI-1394.jpg#1#1#0#0#10
192#AGI-1934#"CABLE ESATA A ESATA "######29,06#Y#0,00#N##"lunes, 07 de abril de 2014"#100000000000000K#"CABLES"#AGI-1934#1#1#0#0#10
193#BB-313M#"CABLE VGA 6MDM-6MDM "######17,88#Y#0,00#N##"lunes, 07 de abril de 2014"#100000000000000K#"CABLES"#BB-313M.png#1#1#0#0#10
194#C/CELULAR80BLA#"CABLE PARA CELULAR 80cm BLANCO (C / CELULAR80BLA) "######54579,10#Y#0,00#N##"miércoles, 27 de septiembre de 2017"#100000000000000K#"CABLES"##1#1#0#0#10
195#CA-25-35-51-3#"CABLE 2.5MM MACHO A 3.5MM HEMBRA PARA AUDIO (CA-25-35-51-3) "######12997,40#Y#0,00#N##"miércoles, 27 de septiembre de 2017"#100000000000000K#"CABLES"#CA-25-35-51-3.png#1#1#0#0#10
196#CABLE-CPU#"CABLE DE ALIMENTACION PARA CPU "######3,73#Y#0,00#N##"lunes, 07 de abril de 2014"#100000000000000K#"CABLES"#CABLE-CPU.png#1#1#0#0#10
197#CABLE030#"CABLE PLUG - PLUG 1Mt (CABLE030) "######23046,61#Y#0,00#N##"miércoles, 27 de septiembre de 2017"#100000000000000K#"CABLES"##1#1#0#0#10
198#CABLEFIREWIRE#"CABLE FIREWIRE "######28,31#Y#0,00#N##"lunes, 07 de abril de 2014"#100000000000000K#"CABLES"#CABLEFIREWIRE.png#1#1#0#0#10
199#CBHTHDMIM01#"HYPERTRONIC CABLE HDMI A MINI HDMI 2Mts. (CBHTHDMIM01) "######112411,67#Y#0,00#N##"miércoles, 27 de septiembre de 2017"#100000000000000K#"CABLES"##1#1#0#0#10
200#CBHTHDMIM02#"HYPERTRONIC CABLE HDMI A MICRO HDMI 2Mts. (CBHTHDMIM02) "######176289,14#Y#0,00#N##"miércoles, 27 de septiembre de 2017"#100000000000000K#"CABLES"##1#1#0#0#10
201#CDB25MH#"CABLE DB25 MACHO-HEMBRA "######37,25#Y#0,00#N##"lunes, 07 de abril de 2014"#100000000000000K#"CABLES"#CDB25MH.png#1#1#0#0#10
202#CFS#"CABLE DE FLOPPY SENCILLO "######11,47#Y#0,00#N##"lunes, 07 de abril de 2014"#100000000000000K#"CABLES"#CFS.jpg#1#1#0#0#10
203#CG021#"CABLE VCOM SPLITTER VGA 2PTOS (CG021) "######98273,03#Y#0,00#N##"miércoles, 27 de septiembre de 2017"#100000000000000K#"CABLES"##1#1#0#0#10
204#CG341D-15MTS#"CABLE VCOM VGA M / M 15MTS (CG341D-15MTS) "######349068,17#Y#0,00#N##"miércoles, 27 de septiembre de 2017"#100000000000000K#"CABLES"##1#1#0#0#10
205#CG341D#"CABLE VCOM VGA M / M 1.8Mts (CG341D) "######74497,30#Y#0,00#N##"miércoles, 27 de septiembre de 2017"#100000000000000K#"CABLES"##1#1#0#0#10
206#CIPHONE5/6-AMA#"CABLE PARA IPHONE 5 / 6 80CM AMARILLO (CIPHONE5 / 6-AMA) "######80457,28#Y#0,00#N##"miércoles, 27 de septiembre de 2017"#100000000000000K#"CABLES"##1#1#0#0#10
207#CIPHONE5/6-ROJ#"CABLE PARA IPHONE 5 / 6 80CM ROJO (CIPHONE5 / 6-ROJ) "######80457,28#Y#0,00#N##"miércoles, 27 de septiembre de 2017"#100000000000000K#"CABLES"##1#1#0#0#10
208#CP5MTS#"CABLE PARALELO 5MTs "######88287,22#Y#0,00#N##"miércoles, 27 de septiembre de 2017"#100000000000000K#"CABLES"#CP5MTS.png#1#1#0#0#10
209#CU-05-IS-51-1#"CABLE DE PODER USB A 3.5MM (CU-05-IS-51-1) "######17784,25#Y#0,00#N##"miércoles, 27 de septiembre de 2017"#100000000000000K#"CABLES"#CU-05-IS-51-1.png#1#1#0#0#10
210#CU202-B-5.0#"CABLE EXTENSION USB VCOM 5Mts. (CU202-B-5.0) "######89460,16#Y#0,00#N##"miércoles, 27 de septiembre de 2017"#100000000000000K#"CABLES"##1#1#0#0#10
211#CV033#"CABLE RCA MACHO MACHO 1.8Mts (CV033) "######41211,27#Y#0,00#N##"miércoles, 27 de septiembre de 2017"#100000000000000K#"CABLES"##1#1#0#0#10
212#CV203#"CABLE VCOM  PLUG A 2 HEMBRA 3.5 (CV203) "######37407,15#Y#0,00#N##"miércoles, 27 de septiembre de 2017"#100000000000000K#"CABLES"##1#1#0#0#10
213#CV212#"CABLE VCOM PLUG A RCA 1.8Mts (CV212) "######31066,96#Y#0,00#N##"miércoles, 27 de septiembre de 2017"#100000000000000K#"CABLES"##1#1#0#0#10
214#DB9H/DB15M#"CABLE DB9H / DB15M "######28,31#Y#0,00#N##"lunes, 07 de abril de 2014"#100000000000000K#"CABLES"#DB9H_DB15M.jpg#1#1#0#0#10
215#DVI24-5-3RCA#"CABLE DVI 24+5 MACHO A 3 RCA PLUG "######110,26#Y#0,00#N##"lunes, 07 de abril de 2014"#100000000000000K#"CABLES"#DVI24-5-3RCA.png#1#1#0#0#10
216#DVI24+5-RCA#"CABLE DVI 24+5 MACHO A 3 PLUG RCA "######110,26#Y#0,00#N##"lunes, 07 de abril de 2014"#100000000000000K#"CABLES"#DVI24+5-RCA.jpg#1#1#0#0#10
217#ET#"EXTENSOR DE TECLADO "######7,45#Y#0,00#N##"lunes, 07 de abril de 2014"#100000000000000K#"CABLES"#ET.jpg#1#1#0#0#10
218#FSC-31#"CABLE IDE ATA 66 "######25,33#Y#0,00#N##"lunes, 07 de abril de 2014"#100000000000000K#"CABLES"#FSC-31.png#1#1#0#0#10
219#FT-USB-128#"CABLE USB A PARALELO "######378,46#Y#0,00#N##"lunes, 07 de abril de 2014"#100000000000000K#"CABLES"##1#1#0#0#10
220#JT-LCA073#"CABLE USB 3.0 (JT-LCA073) "######96,88#Y#0,00#N##"lunes, 07 de abril de 2014"#100000000000000K#"CABLES"#JT-LCA073.jpg#1#1#0#0#10
221#S-PC-0924#"CABLE CONVERTIDOR DE CONECTOR 12V P4 A CONECTOR MOLEX 4 PINES "######10,43#Y#0,00#N##"lunes, 07 de abril de 2014"#100000000000000K#"CABLES"#S-PC-0924.png#1#1#0#0#10
222#S-PC-0925#"CABLE EXTENSION DE ALIMENTACION 8 PINES MACHO A HEMBRA "######25,33#Y#0,00#N##"lunes, 07 de abril de 2014"#100000000000000K#"CABLES"#S-PC-0925.jpg#1#1#0#0#10
223#S-PC-0926#"CABLE EXTENSION DE ALIMENTACION 4 PINES MACHO A HEMBRA "######14,90#Y#0,00#N##"lunes, 07 de abril de 2014"#100000000000000K#"CABLES"#S-PC-0926.png#1#1#0#0#10
224#S-PC-0931#"CABLE SATA POWER 2 EN 1 "######28,31#Y#0,00#N##"lunes, 07 de abril de 2014"#100000000000000K#"CABLES"#S-PC-0931.jpg#1#1#0#0#10
225#S-PC-0935#"CABLE DE PODER PARA LAPTOP CON US PLUG "######93,27#Y#0,00#N##"lunes, 07 de abril de 2014"#100000000000000K#"CABLES"#S-PC-0935.jpg#1#1#0#0#10
226#SATA-POWER#"CABLE SERIAL ATA POWER "######22,35#Y#0,00#N##"lunes, 07 de abril de 2014"#100000000000000K#"CABLES"#SATA-POWER.png#1#1#0#0#10
227#SATA#"CABLE SERIAL ATA "######22,35#Y#0,00#N##"lunes, 07 de abril de 2014"#100000000000000K#"CABLES"#SATA.png#1#1#0#0#10
228#SB-1200#"CABLE EXTENSION USB "######52655,32#Y#0,00#N##"miércoles, 27 de septiembre de 2017"#100000000000000K#"CABLES"##1#1#0#0#10
229#SVC-12153#"CABLE DB15 MACHO - HEMBRA "######32,78#Y#0,00#N##"lunes, 07 de abril de 2014"#100000000000000K#"CABLES"#SVC-12153.jpg#1#1#0#0#10
230#U-AMMB4-1#"CABLE USB AM-MINI 4 PIN "######13,41#Y#0,00#N##"lunes, 07 de abril de 2014"#100000000000000K#"CABLES"#U-AMMB4-1.png#1#1#0#0#10
231#USB-1332#"CABLE USB 3MTS "######22,35#Y#0,00#N##"lunes, 07 de abril de 2014"#100000000000000K#"CABLES"#USB-1332.jpg#1#1#0#0#10
232#USB-180MC9#"CABLE USB A SERIAL "######253210,68#Y#0,00#N##"miércoles, 27 de septiembre de 2017"#100000000000000K#"CABLES"#USB-180MC9.jpg#1#1#0#0#10
233#USB-2110612#"CABLE USB AB 6FT (USB-2110612) "######14994,56#Y#0,00#N##"miércoles, 27 de septiembre de 2017"#100000000000000K#"CABLES"#USB-2110612.jpg#1#1#0#0#10
234#USB-2111512#"CABLE USB AB 15FT (USB-2111512) "######25043,77#Y#0,00#N##"miércoles, 27 de septiembre de 2017"#100000000000000K#"CABLES"#USB-2111512.jpg#1#1#0#0#10
235#VGA15-15EXT#"CABLE EXTENSION MONITOR 15FT (VGA15-15EXT) "######106400,77#Y#0,00#N##"miércoles, 27 de septiembre de 2017"#100000000000000K#"CABLES"##1#1#0#0#10
236#VGA15-15FT#"CABLE MONITOR 15FT MACHO-MACHO (VGA15-15FT) "######106400,77#Y#0,00#N##"miércoles, 27 de septiembre de 2017"#100000000000000K#"CABLES"#VGA15-15FT.jpg#1#1#0#0#10
237#VGA15-6EXT#"CABLE EXTENSION MONITOR 6FT (VGA15-6FT) "######74630,40#Y#0,00#N##"miércoles, 27 de septiembre de 2017"#100000000000000K#"CABLES"##1#1#0#0#10
238#VGA15-6FT#"CABLE MONITOR 6FT MACHO-MACHO (VGA15-6FT) "######74630,40#Y#0,00#N##"miércoles, 27 de septiembre de 2017"#100000000000000K#"CABLES"#VGA15-6FT.jpg#1#1#0#0#10
239#WH035#"CABLE HDMI "######39,92#Y#0,00#N##"lunes, 07 de abril de 2014"#100000000000000K#"CABLES"##1#1#0#0#10
240#YB-403-100BLAN#"CABLE YOBAO IPHONE 5 100CM BLANCO (YB-403-100BLAN) "######50539,78#Y#0,00#N##"miércoles, 27 de septiembre de 2017"#100000000000000K#"CABLES"##1#1#0#0#10
241#YB-410-100BLAN#"CABLE YOBAO IPHONE 5 / 6 100CM BLANCO (YB-410-100BLAN) "######32626,94#Y#0,00#N##"miércoles, 27 de septiembre de 2017"#100000000000000K#"CABLES"##1#1#0#0#10
242#YB-410-100BLUE#"CABLE YOBAO IPHONE 5 / 6 100CM AZUL (YB-410-100BLUE) "######32626,94#Y#0,00#N##"miércoles, 27 de septiembre de 2017"#100000000000000K#"CABLES"##1#1#0#0#10
243#YB-410-100ROSA#"CABLE YOBAO IPHONE 5 / 6 100CM ROSADO (YB-410-100ROSA) "######32626,94#Y#0,00#N##"miércoles, 27 de septiembre de 2017"#100000000000000K#"CABLES"##1#1#0#0#10
244#YB-411-100AZUL#"CABLE YOBAOO MICRO USB 100CM AZUL (YB-411-100AZUL) "######28788,48#Y#0,00#N##"miércoles, 27 de septiembre de 2017"#100000000000000K#"CABLES"##1#1#0#0#10
245#YB-411-100ROSA#"CABLE YOBAO MICRO USB 100CM ROSADO (YB-411-100ROSA) "######28788,48#Y#0,00#N##"miércoles, 27 de septiembre de 2017"#100000000000000K#"CABLES"##1#1#0#0#10
246#YB-422-100GOLD#"CABLE YOBAO IPNODE 5 / 6 100CM DORADO (YB-422-100GOLD) "######50539,78#Y#0,00#N##"miércoles, 27 de septiembre de 2017"#100000000000000K#"CABLES"##1#1#0#0#10
247#YB-422-100GREY#"CABLE YOBAO IPHONE 5 / 6 100CM GRIS (YB-422-100GREY) "######50539,78#Y#0,00#N##"miércoles, 27 de septiembre de 2017"#100000000000000K#"CABLES"##1#1#0#0#10
248#YB-423-100GOLD#"CABLE YOBAO MICRO USB 100CM DORADO (YB-423-100GOLD) "######47980,80#Y#0,00#N##"miércoles, 27 de septiembre de 2017"#100000000000000K#"CABLES"##1#1#0#0#10
249#YB-423-100GRAY#"CABLE YOBAO MICRO USB 100CM GRIS (YB-423-100GRAY) "######47980,80#Y#0,00#N##"miércoles, 27 de septiembre de 2017"#100000000000000K#"CABLES"##1#1#0#0#10
250#YB-423-100ROSA#"CABLE YOBAO MICRO USB 100CM ROSADO (YB-423-100ROSA) "######47980,80#Y#0,00#N##"miércoles, 27 de septiembre de 2017"#100000000000000K#"CABLES"##1#1#0#0#10
251#DMM009#"PICKENS ADAPTADOR HDMI GIRATORIO (DMM009) "######132,49#Y#0,00#N##"lunes, 07 de abril de 2014"#10000000000000B6#"CABLES PICKENS"#DMM009.jpg#1#1#0#0#10
252#DMM290-0300#"PICKENS CABLE HDMI TIPO A - D 3Mts (DMM290-0300) "######323,58#Y#0,00#N##"lunes, 07 de abril de 2014"#10000000000000B6#"CABLES PICKENS"#DMM290-0300.jpg#1#1#0#0#10
253#DMM387R-0100#"PICKENS CABLE RETRACTIL USB CONECTOR A - MICRO B DE 1Mt (DMM387R-0100) "######178,35#Y#0,00#N##"lunes, 07 de abril de 2014"#10000000000000B6#"CABLES PICKENS"#DMM387R-0100.png#1#1#0#0#10
254#31010116100#"MOUSE GENIUS RS DX-110 NEGRO USB (31010116100) "######137595,68#Y#0,00#N##"miércoles, 27 de septiembre de 2017"#10000000000000B7#"MOUSE"##1#1#0#0#10
255#31010116103#"MOUSE GENIUS RS DX-110 AZUL USB (31010116103) "######141895,22#Y#0,00#N##"miércoles, 27 de septiembre de 2017"#10000000000000B7#"MOUSE"##1#1#0#0#10
256#31010116104#"MOUSE GENIUS RS DX-110 ROJO USB (31010116104) "######141895,22#Y#0,00#N##"miércoles, 27 de septiembre de 2017"#10000000000000B7#"MOUSE"##1#1#0#0#10
257#31030109109#"MOUSE GENIUS RS NX-7000 WIRELESS AZUL USB (31030109109) "######238391,13#Y#0,00#N##"miércoles, 27 de septiembre de 2017"#10000000000000B7#"MOUSE"##1#1#0#0#10
258#31030109110#"MOUSE GENIUS RS NX-7000 WIRELESS ROJO USB (31030109110) "######238391,13#Y#0,00#N##"miércoles, 27 de septiembre de 2017"#10000000000000B7#"MOUSE"##1#1#0#0#10
259#31040034100#"MOUSE GENIUS X-G200 (31040034100) "######225953,33#Y#0,00#N##"miércoles, 27 de septiembre de 2017"#10000000000000B7#"MOUSE"##1#1#0#0#10
260#MYO-2760#"MOUSE OPTICO WIRELESS MYO 2760 (MYO-2760) "######279850,46#Y#0,00#N##"miércoles, 27 de septiembre de 2017"#10000000000000B7#"MOUSE"##1#1#0#0#10
261#MYO2550#"MOUSE OPTICO USB (MYO2550) "######79965,43#Y#0,00#N##"miércoles, 27 de septiembre de 2017"#10000000000000B7#"MOUSE"##1#1#0#0#10
262#NS-6005#"MOUSE GENIUS RS NS-6005 BLUEYE BLACK USB "######163134,72#Y#0,00#N##"miércoles, 27 de septiembre de 2017"#10000000000000B7#"MOUSE"##1#1#0#0#10
263#NX-6500#"MOUSE GENIUS RS NX-6500 NEGRO USB (NX-6500) "######321575,55#Y#0,00#N##"miércoles, 27 de septiembre de 2017"#10000000000000B7#"MOUSE"##1#1#0#0#10
264#NX-7000#"MOUSE GENIUS RS NX-7000 WIRELESS BLANCO USB (NX-7000) "######256906,09#Y#0,00#N##"miércoles, 27 de septiembre de 2017"#10000000000000B7#"MOUSE"##1#1#0#0#10
265#NX-7015#"MOUSE GENIUS RS NX-7015 USB (NX-7015) "######297198,69#Y#0,00#N##"miércoles, 27 de septiembre de 2017"#10000000000000B7#"MOUSE"##1#1#0#0#10
266#28#"MOUSE PAD 28 ESTAMPADOS (28) "######19832,06#Y#0,00#N##"miércoles, 27 de septiembre de 2017"#10000000000000B5#"MOUSE PAD"##1#1#0#0#10
267#38#"MOUSE PAD 38 ESTAMPADOS (38) "######19832,06#Y#0,00#N##"miércoles, 27 de septiembre de 2017"#10000000000000B5#"MOUSE PAD"##1#1#0#0#10
268#48#"MOUSE PAD 48 ESTAMPADO (48) "######19832,06#Y#0,00#N##"miércoles, 27 de septiembre de 2017"#10000000000000B5#"MOUSE PAD"##1#1#0#0#10
269#66235#"MOUSE PAD GEL VARIADOS (66235) "######32626,94#Y#0,00#N##"miércoles, 27 de septiembre de 2017"#10000000000000B5#"MOUSE PAD"##1#1#0#0#10
270#MYO-PAD#"MOUSE  PAD GEL MYO (MYO-PAD) "######76641,33#Y#0,00#N##"miércoles, 27 de septiembre de 2017"#10000000000000B5#"MOUSE PAD"##1#1#0#0#10
271#WMP-166-T4#"MOUSE PAD WASH (WMP-166-T4) "######19832,06#Y#0,00#N##"miércoles, 27 de septiembre de 2017"#10000000000000B5#"MOUSE PAD"##1#1#0#0#10
272#SP-HF160#"SPEAKER GENIUS SP-HF160 USB NEGRO (SP-HF160) "######294740,49#Y#0,00#N##"miércoles, 27 de septiembre de 2017"#10000000000000B8#"SPEAKER"##1#1#0#0#10
273#SP-J120#"SPEAKER GENIUS SP-J120 NEGRO USB (SP-J120) "######347300,53#Y#0,00#N##"miércoles, 27 de septiembre de 2017"#10000000000000B8#"SPEAKER"##1#1#0#0#10
274#SW-1020#"SPEAKER GENIUS SW-1020 5.1 NEGRO 110 (SW-1020) "######1616827,49#Y#0,00#N##"miércoles, 27 de septiembre de 2017"#10000000000000B8#"SPEAKER"##1#1#0#0#10
275#ENXUH-310#"ENCORE MINI USB HUB 4 PUERTOS (ENXUH-310) "######203159,57#Y#0,00#N##"miércoles, 27 de septiembre de 2017"#10000000000000B4#"HUB"##1#1#0#0#10
276#USB-HPSS#"SABRENT HUB USB 4 PUERTOS 2.0 CON SUICHES ON / OFF (USB-HPSS) "######92586,52#Y#0,00#N##"miércoles, 27 de septiembre de 2017"#10000000000000B4#"HUB"##1#1#0#0#10
277#ENM232-6CMI#"ENCORE TARJETA DE SONIDO 5.1 PCI (ENM232-6CMI) "######317667,69#Y#0,00#N##"miércoles, 27 de septiembre de 2017"#1000000000000009#"TARJETA PCI"##1#1#0#0#10
278#LPT2-PCI#"TARJETA PCI LPT2 "######791,19#Y#0,00#N##"lunes, 07 de abril de 2014"#1000000000000009#"TARJETA PCI"##1#1#0#0#10
279#CD-R700BLANK#"CD R EN SOBRE "######6573,51#Y#0,00#N##"miércoles, 27 de septiembre de 2017"#100000000000000R#"MEDIOS DE ALMACENAMIENTO"#CD-R700BLANK.jpg#1#1#0#0#10
280#DVDSOBRE#"DVD EN SOBRE "######7,85#Y#0,00#N##"lunes, 07 de abril de 2014"#100000000000000R#"MEDIOS DE ALMACENAMIENTO"#DVDSOBRE.png#1#1#0#0#10
281#TORRE100CD#"TORRE DE 100 CDS "######595724,77#Y#0,00#N##"miércoles, 27 de septiembre de 2017"#100000000000000R#"MEDIOS DE ALMACENAMIENTO"##1#1#0#0#10
282#BATERIAPORTATI#"BATERIA PARA PORTATIL "######1,49#Y#0,00#N##"lunes, 07 de abril de 2014"#10000000000000BE#"TRANSFORMADORES ORIGINALES"#BATERIAPORTATI.png#1#1#0#0#10
283#TACER#"TRANSFORMADOR ACER  "######343384,70#Y#0,00#N##"miércoles, 27 de septiembre de 2017"#10000000000000BE#"TRANSFORMADORES ORIGINALES"#TACER.jpg#1#1#0#0#10
284#TCANAIMA#"TRANSFORMADOR CANAIMA "######343384,70#Y#0,00#N##"miércoles, 27 de septiembre de 2017"#10000000000000BE#"TRANSFORMADORES ORIGINALES"##1#1#0#0#10
285#THP#"TRANSFORMADOR HP "######625,80#Y#0,00#N##"lunes, 07 de abril de 2014"#10000000000000BE#"TRANSFORMADORES ORIGINALES"#THP.png#1#1#0#0#10
286#TLENOVO#"TRANSFORMADOR LENOVO "######389169,32#Y#0,00#N##"miércoles, 27 de septiembre de 2017"#10000000000000BE#"TRANSFORMADORES ORIGINALES"#TLENOVO.jpg#1#1#0#0#10
287#TMINIASUS#"TRANSFORMADOR ASUS MINI "######625,80#Y#0,00#N##"lunes, 07 de abril de 2014"#10000000000000BE#"TRANSFORMADORES ORIGINALES"#TMINIASUS.png#1#1#0#0#10
288#TMINISAMSUNG#"TRANSFORMADOR MINI SAMSUNG "######343384,70#Y#0,00#N##"miércoles, 27 de septiembre de 2017"#10000000000000BE#"TRANSFORMADORES ORIGINALES"##1#1#0#0#10
289#TMINITOSHIBA#"TRANSFORMADOR MINI TOSHIBA (TMINITOSHIBA) "######343380,50#Y#0,00#N##"miércoles, 27 de septiembre de 2017"#10000000000000BE#"TRANSFORMADORES ORIGINALES"##1#1#0#0#10
290#TRANSFORMADOR#"TRANSFORMADOR PARA  "######1,49#Y#0,00#N##"lunes, 07 de abril de 2014"#10000000000000BE#"TRANSFORMADORES ORIGINALES"##1#1#0#0#10
291#TSAMSUNG#"TRANSFORMADOR SAMSUNG "######343384,70#Y#0,00#N##"miércoles, 27 de septiembre de 2017"#10000000000000BE#"TRANSFORMADORES ORIGINALES"##1#1#0#0#10
292#TTOSHIBA#"TRANSFORMADOR TOSHIBA  "######343384,70#Y#0,00#N##"miércoles, 27 de septiembre de 2017"#10000000000000BE#"TRANSFORMADORES ORIGINALES"##1#1#0#0#10
293#AGI-TR10#"CARGADOR UNIVERSAL 5V 2AMP (AGI-TR10) "######199554,17#Y#0,00#N##"miércoles, 27 de septiembre de 2017"#10000000000000BD#"TRANSFORMADORES GENERICOS"#AGI-TR10#1#1#0#0#10
294#AGI-TRCAR#"TRANSFORMADOR UNIVERSAL DE CARRO PARA LAPTOPS DE 90W "######296,51#Y#0,00#N##"lunes, 07 de abril de 2014"#10000000000000BD#"TRANSFORMADORES GENERICOS"#AGI-TRCAR.png#1#1#0#0#10
295#ATP-BR1245#"BATERIA ATP-BR1245 12V 4.5 mAh (ATP-BR1245) "######321023,54#Y#0,00#N##"miércoles, 27 de septiembre de 2017"#10000000000000Ad#"BATERIAS Y CARGADORES"##1#1#0#0#10
296#ATP-BR1270#"BATERIA ATP-BR1270 12V 7Ah (ATP-BR1270) "######414426,16#Y#0,00#N##"miércoles, 27 de septiembre de 2017"#10000000000000Ad#"BATERIAS Y CARGADORES"##1#1#0#0#10
297#ATP-BR1290#"BATERIA ATP-BR1290 12V 9aH (ATP-BR1290) "######516785,20#Y#0,00#N##"miércoles, 27 de septiembre de 2017"#10000000000000Ad#"BATERIAS Y CARGADORES"##1#1#0#0#10
298#ATP-PB100ALN#"POWER BANK 10000mAh ATP-PB100ALN "######532139,06#Y#0,00#N##"miércoles, 27 de septiembre de 2017"#10000000000000Ad#"BATERIAS Y CARGADORES"##1#1#0#0#10
299#ATP-PB44ALN#"POWER BANK 4400mAh ATP-PB44ALN  "######217385,01#Y#0,00#N##"miércoles, 27 de septiembre de 2017"#10000000000000Ad#"BATERIAS Y CARGADORES"##1#1#0#0#10
300#B-2016#"BATERIA 2016 "######10523,68#Y#0,00#N##"miércoles, 27 de septiembre de 2017"#10000000000000Ad#"BATERIAS Y CARGADORES"#B-2016.png#1#1#0#0#10
301#B-2025#"BATERIA 2025 "######4,10#Y#0,00#N##"lunes, 07 de abril de 2014"#10000000000000Ad#"BATERIAS Y CARGADORES"#B-2025.png#1#1#0#0#10
302#B-2032#"BATERIA 2032 "######18,21#Y#0,00#N##"lunes, 07 de abril de 2014"#10000000000000Ad#"BATERIAS Y CARGADORES"#B-2032.png#1#1#0#0#10
303#BATCONT23A#"BATERIA 23A PARA CONTROL "######10523,68#Y#0,00#N##"miércoles, 27 de septiembre de 2017"#10000000000000Ad#"BATERIAS Y CARGADORES"#BATCONT23A.png#1#1#0#0#10
304#BATCONT27A#"BATERIA ALCALINA 27-A  "######4,41#Y#0,00#N##"lunes, 07 de abril de 2014"#10000000000000Ad#"BATERIAS Y CARGADORES"#BATCONT27A.png#1#1#0#0#10
305#DB6-45#"BATERIA 6V 4.5A (DB6-45) "######157870,87#Y#0,00#N##"miércoles, 27 de septiembre de 2017"#10000000000000Ad#"BATERIAS Y CARGADORES"##1#1#0#0#10
306#E92BP2#"BATERIA AAA X 2 "######22801,30#Y#0,00#N##"miércoles, 27 de septiembre de 2017"#10000000000000Ad#"BATERIAS Y CARGADORES"#E92BP2.png#1#1#0#0#10
307#GP270AAHC-2LA2#"BATERIA RECARGABLE GP AA 2700mAh BLISTER 2 BATERIAS (GP2700AAHC-2LA2) "######184164,33#Y#0,00#N##"miércoles, 27 de septiembre de 2017"#10000000000000Ad#"BATERIAS Y CARGADORES"##1#1#0#0#10
308#KT-104#"BATERIA TELEFONO Ni-Cd 30AA 300mAh 2.4V "######19,52#Y#0,00#N##"lunes, 07 de abril de 2014"#10000000000000Ad#"BATERIAS Y CARGADORES"#KT-104.jpg#1#1#0#0#10
309#KT-670#"BATERIA 6V 7 AMP (KT-670) "######462200,25#Y#0,00#N##"miércoles, 27 de septiembre de 2017"#10000000000000Ad#"BATERIAS Y CARGADORES"##1#1#0#0#10
310#LR03-AAA#"BATERIA ALCALINA FUJITSU AAA 1.5V (LR03-AAA)  "######10523,68#Y#0,00#N##"miércoles, 27 de septiembre de 2017"#10000000000000Ad#"BATERIAS Y CARGADORES"##1#1#0#0#10
311#LR06-AA#"BATERIA ALCALINA AA 1.5V FUJITSU (LR06-AA) "######10523,68#Y#0,00#N##"miércoles, 27 de septiembre de 2017"#10000000000000Ad#"BATERIAS Y CARGADORES"##1#1#0#0#10
312#KFM-560#"SOPORTE KLIPX ULTRADELGADO PARA TV LED Y LCD (KFM-560) "######204,47#Y#0,00#N##"lunes, 07 de abril de 2014"#10000000000000BC#"BASES PARA TV"#KFM-560.png#1#1#0#0#10
313#AATPS2#"ADAPTADOR PARA TECLADO AT A PS2 "######3,13#Y#0,00#N##"lunes, 07 de abril de 2014"#100000000000000M#"CONVERTIDORES Y ADAPTADORES"#AATPS2.jpg#1#1#0#0#10
314#AATXPS2#"ADAPTADOR TECLADO DE AT A PS2 "######3,58#Y#0,00#N##"lunes, 07 de abril de 2014"#100000000000000M#"CONVERTIDORES Y ADAPTADORES"#AATXPS2.jpg#1#1#0#0#10
315#AGI-1890#"ADAPTADOR HDMI A VGA CON SALIDA DE AUDIO (AGI-1890) "######764457,37#Y#0,00#N##"miércoles, 27 de septiembre de 2017"#100000000000000M#"CONVERTIDORES Y ADAPTADORES"##1#1#0#0#10
316#FSC-62#"CONECTOR '' Y '' "######22,35#Y#0,00#N##"lunes, 07 de abril de 2014"#100000000000000M#"CONVERTIDORES Y ADAPTADORES"#FSC-62.png#1#1#0#0#10
317#GENCAB#"GENDER CABLE PARA FTE PODER DE 20 A 24 PINES "######6,85#Y#0,00#N##"lunes, 07 de abril de 2014"#100000000000000M#"CONVERTIDORES Y ADAPTADORES"#GENCAB.jpg#1#1#0#0#10
318#S-LA-1106#"CONVERTIDOR DE CABLE DE PODER A LAPTOP "######43,21#Y#0,00#N##"lunes, 07 de abril de 2014"#100000000000000M#"CONVERTIDORES Y ADAPTADORES"#S-LA-1106.jpg#1#1#0#0#10
319#VGAM-DVI24+5H#"ADAPTADOR VGA MACHO - DVI 24+5 HEMBRA (VGAM-DVI24+5H) "######75721,70#Y#0,00#N##"miércoles, 27 de septiembre de 2017"#100000000000000M#"CONVERTIDORES Y ADAPTADORES"##1#1#0#0#10
320#Y-145#"CONVERTIDOR DE USB A RJ-45 "######231959,36#Y#0,00#N##"miércoles, 27 de septiembre de 2017"#100000000000000M#"CONVERTIDORES Y ADAPTADORES"#Y-145.jpg#1#1#0#0#10
321#ARG-SK-0506#"ESTUCHE PARA TABLET ARGOM TRANSPARENTE Y RIGIDA PARA IPAD2 (ARG-SK-0506) "######243,62#Y#0,00#N##"lunes, 07 de abril de 2014"#10000000000000BG#"ACCESORIOS PARA TABLETS"#ARG-SK-0506.jpg#1#1#0#0#10
322#CAL2206N#"ESTUCHE DE CUERO PARA TABLET ARTAB LT AL2206N (CAL2206N) "######54956,73#Y#0,00#N##"miércoles, 27 de septiembre de 2017"#10000000000000BG#"ACCESORIOS PARA TABLETS"##1#1#0#0#10
323#ECO-018#"ESTUCHE TIPO AGENDA CON TECLADO PARA TABLET 10'' (ECO-018) "######670,50#Y#0,00#N##"lunes, 07 de abril de 2014"#10000000000000BG#"ACCESORIOS PARA TABLETS"##1#1#0#0#10
324#IME-70263#"OTG + MICRO SD ADAPTER VERDE (IME-70263) "######92082,17#Y#0,00#N##"miércoles, 27 de septiembre de 2017"#10000000000000BG#"ACCESORIOS PARA TABLETS"##1#1#0#0#10
325#JT-GAN050#"ESTUCHE TABLETS 7'' LONETA ESTAMPADA (JT-GAN050) "######27186,16#Y#0,00#N##"miércoles, 27 de septiembre de 2017"#10000000000000BG#"ACCESORIOS PARA TABLETS"##1#1#0#0#10
326#JT-GIP059#"CASE PROTECTOR IPAD 2 (JT-GIP059) "######452,66#Y#0,00#N##"lunes, 07 de abril de 2014"#10000000000000BG#"ACCESORIOS PARA TABLETS"#JT-GIP059.jpg#1#1#0#0#10
327#JT-GIP062#"LEATHER CASE IPAD 2 (JT-GIP062) "######1141,04#Y#0,00#N##"lunes, 07 de abril de 2014"#10000000000000BG#"ACCESORIOS PARA TABLETS"#JT-GIP062.jpg#1#1#0#0#10
328#JT-GIP065#"LEATHER CASE IPAD 2 (JT-GIP065) "######966,76#Y#0,00#N##"lunes, 07 de abril de 2014"#10000000000000BG#"ACCESORIOS PARA TABLETS"#JT-GIP065.jpg#1#1#0#0#10
329#CNL-NBS01E#"CANYON STICKER GRAFFITI PARA NOTEBOOK DE 16'' S01E (CNL-NBS01E) "######21168,52#Y#0,00#N##"miércoles, 27 de septiembre de 2017"#10000000000000BF#"ACCESORIOS PARA PORTATILES"#CNL-NBS01E.jpg#1#1#0#0#10
330#E-LE10-J1509#"BUILT SOBRE 10'' (E-LE10-J1509) "######290,55#Y#0,00#N##"lunes, 07 de abril de 2014"#10000000000000BF#"ACCESORIOS PARA PORTATILES"##1#1#0#0#10
331#HK91525#"MALETIN POLUX SLEEVE 10'' (HK91525) "######14598,98#Y#0,00#N##"miércoles, 27 de septiembre de 2017"#10000000000000BF#"ACCESORIOS PARA PORTATILES"##1#1#0#0#10
332#IME-36211#"LAMPARA USB 3 LED (IME-36211) "######78927,57#Y#0,00#N##"miércoles, 27 de septiembre de 2017"#10000000000000BF#"ACCESORIOS PARA PORTATILES"##1#1#0#0#10
333#IME-36234#"LAMPARA USB 7 LEDS (IME-36234) "######156101,20#Y#0,00#N##"miércoles, 27 de septiembre de 2017"#10000000000000BF#"ACCESORIOS PARA PORTATILES"##1#1#0#0#10
334#MBCS-202-GY#"MIGGO BISCAYNE XPRESS 16'' SLIM BRIEFCASE POLYESTER (MBCS-202-GY) "######331495,80#Y#0,00#N##"miércoles, 27 de septiembre de 2017"#10000000000000BF#"ACCESORIOS PARA PORTATILES"##1#1#0#0#10
335#MBPS-104-GY#"MIGGO BACKPACK 15'' GRIS (MBPS-104-GY) "######314833,31#Y#0,00#N##"miércoles, 27 de septiembre de 2017"#10000000000000BF#"ACCESORIOS PARA PORTATILES"#MBPS-104-GY.jpg#1#1#0#0#10
336#MS-1027R-15.6#"BOLSO NOTEBOOK 15.6'' MIRACASE GUELL (MS-1027R-15.6) "######369316,39#Y#0,00#N##"miércoles, 27 de septiembre de 2017"#10000000000000BF#"ACCESORIOS PARA PORTATILES"##1#1#0#0#10
337#MS-8009-14.1#"BOLSO ULTRABOOK 14.1'' MIRACASE URBANLIFE (MS-8009-14.1) "######261337,96#Y#0,00#N##"miércoles, 27 de septiembre de 2017"#10000000000000BF#"ACCESORIOS PARA PORTATILES"##1#1#0#0#10
338#NP-511#"OMEGA COOLING PAD 11''-15'' NEGRO (NP-511) "######191646,82#Y#0,00#N##"miércoles, 27 de septiembre de 2017"#10000000000000BF#"ACCESORIOS PARA PORTATILES"##1#1#0#0#10
339#SK605K#"DISNEY PROTECTOR PARA PORTATIL 10'' (SK605K) "######111,39#Y#0,00#N##"lunes, 07 de abril de 2014"#10000000000000BF#"ACCESORIOS PARA PORTATILES"#SK605K.jpg#1#1#0#0#10
340#STYLO13#"FUNDA PORTATIL STYLO 13'' "######97,62#Y#0,00#N##"lunes, 07 de abril de 2014"#10000000000000BF#"ACCESORIOS PARA PORTATILES"#STYLO13.png#1#1#0#0#10
341#AWE55US#"TARGUS LAP CHILL MAT "######1628,78#Y#0,00#N##"lunes, 07 de abril de 2014"#10000000000000BK#"BASES PARA PORTATILES"##1#1#0#0#10
342#AMM01#"TARGUS STYLUS FOR IPAD (AMM01) "######285,44#Y#0,00#N##"lunes, 07 de abril de 2014"#10000000000000BI#"TARGUS"#AMM01.jpg#1#1#0#0#10
343#AMM05#"TARGUS EXECUTIVE STYLUS PEN (AMM05) "######570,89#Y#0,00#N##"lunes, 07 de abril de 2014"#10000000000000BI#"TARGUS"#AMM05.jpg#1#1#0#0#10
344#AMP13#"TARGUS PRESENTADOR LASER (AMP13) "######885742,74#Y#0,00#N##"miércoles, 27 de septiembre de 2017"#10000000000000BI#"TARGUS"##1#1#0#0#10
345#TG-LCS#"TARGUS MERKURY UNIVERSAL LITHIUM ION CHARGER PARED Y CARRO SONY "######219,66#Y#0,00#N##"lunes, 07 de abril de 2014"#10000000000000BI#"TARGUS"#TG-LCS.jpg#1#1#0#0#10
346#TSS05403US#"TARGUS 15.4'' SLIPSKIN WRAP ROJO (TSS05403US) "######270,60#Y#0,00#N##"lunes, 07 de abril de 2014"#10000000000000BI#"TARGUS"#TSS05403US.jpg#1#1#0#0#10
347#135052#"PORT DESIGNS CARTERA KOBE TOP LOADING 13.3'' (135052) "######111479,62#Y#0,00#N##"miércoles, 27 de septiembre de 2017"#10000000000000BJ#"PORT DESIGNS"##1#1#0#0#10
348#140212#"PORT DESIGNS STYLUS PLATA (140212) "######43105,45#Y#0,00#N##"miércoles, 27 de septiembre de 2017"#10000000000000BJ#"PORT DESIGNS"#140212.jpg#1#1#0#0#10
349#140213#"PORT DESIGNS STYLUS (140213) "######106,30#Y#0,00#N##"lunes, 07 de abril de 2014"#10000000000000BJ#"PORT DESIGNS"#140213.png#1#1#0#0#10
350#140214#"PORT DESIGNS STYLUS AZUL (140214) "######28241,50#Y#0,00#N##"miércoles, 27 de septiembre de 2017"#10000000000000BJ#"PORT DESIGNS"#140214.jpg#1#1#0#0#10
351#140220#"PORT DESIGNS STYLUS PARA TABLET BLANCO (140220) "######43105,45#Y#0,00#N##"miércoles, 27 de septiembre de 2017"#10000000000000BJ#"PORT DESIGNS"##1#1#0#0#10
352#140223#"PORT DESIGNS STYLUS PARA TABLET PURPURA (140223) "######43105,45#Y#0,00#N##"miércoles, 27 de septiembre de 2017"#10000000000000BJ#"PORT DESIGNS"##1#1#0#0#10
353#170220#"PORT DESIGNS MANHATTAN PRO TROLLEY MALETIN 4 RUEDAS (170220) "######1939745,39#Y#0,00#N##"miércoles, 27 de septiembre de 2017"#10000000000000BJ#"PORT DESIGNS"##1#1#0#0#10
354#201113#"PORT DESIGNS NAOS KIT LIMPIADOR "######84,69#Y#0,00#N##"lunes, 07 de abril de 2014"#10000000000000BJ#"PORT DESIGNS"#201113.jpg#1#1#0#0#10
355#201182#"PORT DESIGNS PHOENIX II ROJO 10.1'' ESTUCHE (201182) "######988,15#Y#0,00#N##"lunes, 07 de abril de 2014"#10000000000000BJ#"PORT DESIGNS"#201182.jpg#1#1#0#0#10
356#201185#"PORT DESIGNS PHOENIX II ESTUCHE GRIS 7'' (201185) "######58565,76#Y#0,00#N##"miércoles, 27 de septiembre de 2017"#10000000000000BJ#"PORT DESIGNS"#201185.jpg#1#1#0#0#10
357#201215#"PORT DESIGNS TAIPEI ESTUCHE IPAD MINI ROJO-NEGRO (201215) "######1469,87#Y#0,00#N##"lunes, 07 de abril de 2014"#10000000000000BJ#"PORT DESIGNS"#201215.jpg#1#1#0#0#10
358#201331#"PORT DESIGNS MUSKOKA ESTUCHE UNIVERSAL 8 9'' ROJO (201331) "######74171,11#Y#0,00#N##"miércoles, 27 de septiembre de 2017"#10000000000000BJ#"PORT DESIGNS"#201331.png#1#1#0#0#10
359#201332#"PORT DESIGNS MUSKOKA ESTUCHE UNIVERSAL TABLA 10'' ROJO (201332) "######81751,72#Y#0,00#N##"miércoles, 27 de septiembre de 2017"#10000000000000BJ#"PORT DESIGNS"#201332.png#1#1#0#0#10
360#201333#"PORT DESIGNS MUSKOKA ESTUCHE UNIVERSAL TABLA 7'' NEGRO (201333) "######74171,11#Y#0,00#N##"miércoles, 27 de septiembre de 2017"#10000000000000BJ#"PORT DESIGNS"#201333.png#1#1#0#0#10
361#201334#"PORT DESIGNS MUSKOKA ESTUCHE UNIVERSAL TABLA 8 9'' NEGRO (201334) "######81751,72#Y#0,00#N##"miércoles, 27 de septiembre de 2017"#10000000000000BJ#"PORT DESIGNS"#201334.png#1#1#0#0#10
362#201335#"PORT DESIGNS MUSKOKA ESTUCHE UNIVERSAL TABLA 10'' NEGRO (201335) "######74171,11#Y#0,00#N##"miércoles, 27 de septiembre de 2017"#10000000000000BJ#"PORT DESIGNS"#201335.png#1#1#0#0#10
363#201391#"PORT DESIGNS SAKURA ESTUCHE UNIVERSAL TABLA 7 8'' GRIS (201391) "######59307,16#Y#0,00#N##"miércoles, 27 de septiembre de 2017"#10000000000000BJ#"PORT DESIGNS"#201391.png#1#1#0#0#10
364#201392#"PORT DESIGNS SAKURA ESTUCHE UNIVERSAL TABLA 7'' AZUL (201392) "######59307,16#Y#0,00#N##"miércoles, 27 de septiembre de 2017"#10000000000000BJ#"PORT DESIGNS"#201392.jpg#1#1#0#0#10
365#201394#"PORT DESIGNS SAKURA ESTUCHE UNIVERSAL TABLA 9 10'' GRIS (201394) "######89035,06#Y#0,00#N##"miércoles, 27 de septiembre de 2017"#10000000000000BJ#"PORT DESIGNS"#201394.png#1#1#0#0#10
366#201395#"PORT DESIGNS SAKURA ESTUCHE UNIVERSAL TABLA 9 10'' AZUL (201395) "######89035,06#Y#0,00#N##"miércoles, 27 de septiembre de 2017"#10000000000000BJ#"PORT DESIGNS"#201395.png#1#1#0#0#10
367#201400#"PORT DESIGNS COPENHAGEN ESTUCHE UNIVERSAL 7 8'' AZUL (201400) "######103899,01#Y#0,00#N##"miércoles, 27 de septiembre de 2017"#10000000000000BJ#"PORT DESIGNS"#201400.jpg#1#1#0#0#10
368#201401#"PORT DESIGNS COPENHAGEN ESTUCHE UNIVERSAL TABLA 7 8'' PURPURA (201401) "######103899,01#Y#0,00#N##"miércoles, 27 de septiembre de 2017"#10000000000000BJ#"PORT DESIGNS"#201401.jpg#1#1#0#0#10
369#201402#"PORT DESIGNS COPENHAGEN ESTUCHE UNIVERSAL TABLA 7 8'' GRIS (201402) "######103899,01#Y#0,00#N##"miércoles, 27 de septiembre de 2017"#10000000000000BJ#"PORT DESIGNS"#201402.jpg#1#1#0#0#10
370#201403#"PORT DESIGNS COPENHAGEN ESTUCHE UNIVERSAL TABLA 9 10'' AZUL (201403) "######115790,17#Y#0,00#N##"miércoles, 27 de septiembre de 2017"#10000000000000BJ#"PORT DESIGNS"#201403.jpg#1#1#0#0#10
371#201405#"FORT DESIGNS COPENHAGEN ESTUCHE UNIVERSAL TABLA 9 10'' GRIS (201405) "######115790,17#Y#0,00#N##"miércoles, 27 de septiembre de 2017"#10000000000000BJ#"PORT DESIGNS"#201405.jpg#1#1#0#0#10
372#501597#"PORT DESIGNS PALO ALTO ESTUCHE IPAD II - III KIT (501597) "######1103,97#Y#0,00#N##"lunes, 07 de abril de 2014"#10000000000000BJ#"PORT DESIGNS"#501597.jpg#1#1#0#0#10
373#501601#"PORT DESIGNS PHOENIX II FUNDA 10.1'' UNIVERSAL Y STYLUS (501601) "######842,31#Y#0,00#N##"lunes, 07 de abril de 2014"#10000000000000BJ#"PORT DESIGNS"#501601.jpg#1#1#0#0#10
374#JT-NMS028#"JETION WIRELESS MOUSE + MOUSE PAD (JT-NMS028) "######181679,94#Y#0,00#N##"miércoles, 27 de septiembre de 2017"#10000000000000BL#"ACCESORIOS JETION"##1#1#0#0#10
375#FQC-06998#"MICROSOFT OEM WINDOWS PRO 8.1X64 BITS ESPANOL (FQC-06998) "######1562,64#Y#0,00#N##"lunes, 07 de abril de 2014"#10000000000000BM#"SOFTWARE MICROSOFT"##1#1#0#0#10
376#ZAA-00106#"WINDOWS XP STARTER EDITION OEM "######115,80#Y#0,00#N##"lunes, 07 de abril de 2014"#10000000000000BM#"SOFTWARE MICROSOFT"##1#1#0#0#10
377#2CF-00041#"MICROSOFT WIRELESS MOBILE MOUSE 100 ROJO (2CF-0041) "######336773,79#Y#0,00#N##"miércoles, 27 de septiembre de 2017"#10000000000000BN#"HARDWARE MICROSOFT"##1#1#0#0#10
378#36D-00013#"MICROSOFT L2 WIRELESS MOUSE 2000 USB NEGRO (36D-00013) "######389594,10#Y#0,00#N##"miércoles, 27 de septiembre de 2017"#10000000000000BN#"HARDWARE MICROSOFT"##1#1#0#0#10
379#3TJ-00004#"MICROSOFT COMFORT CURVE KEYBOARD 3000 USB (3TJ-00004) "######373676,83#Y#0,00#N##"miércoles, 27 de septiembre de 2017"#10000000000000BN#"HARDWARE MICROSOFT"#3TJ-00004.png#1#1#0#0#10
380#J5D-00014#"MICROSOFT LIFECAM VX-800 USB (J5D-00014) "######403997,26#Y#0,00#N##"miércoles, 27 de septiembre de 2017"#10000000000000BN#"HARDWARE MICROSOFT"##1#1#0#0#10
381#A12GP16MB#"ANTIVIRUS PANDA GLOBAL 2016 PROTECTION 3 LIC. (A12GP16MB) "######342517,09#Y#0,00#N##"miércoles, 27 de septiembre de 2017"#100000000000000J#"ANTIVIRUS"##1#1#0#0#10
382#NS1U1111#"ANTIVIRUS SYMANTEC NORTON SECURITY 1 Usu PC / SMARTPHONE / TABLET (NS1U1111) "######216233,47#Y#0,00#N##"miércoles, 27 de septiembre de 2017"#100000000000000J#"ANTIVIRUS"##1#1#0#0#10
383#1103650#"LIBRETA ESTILO ESTAMPADA CUADRICULADA (1103650) "######11220,00#Y#0,00#N##"miércoles, 27 de septiembre de 2017"#100000000000000D#"VARIOS DE OFICINA Y HOGAR"##1#1#0#0#10
384#BOLIGRAFO#"BOLIGRAFO FANCY "######11,92#Y#0,00#N##"lunes, 07 de abril de 2014"#100000000000000D#"VARIOS DE OFICINA Y HOGAR"##1#1#0#0#10
385#CHMONITOR#"COPY HOLDER PARA MONITOR "######9,98#Y#0,00#N##"lunes, 07 de abril de 2014"#100000000000000D#"VARIOS DE OFICINA Y HOGAR"##1#1#0#0#10
386#DIS100MBZIPP#"DISCO DE 100Mb PARA UNIDAD ZIPP DRIVE "######34,12#Y#0,00#N##"lunes, 07 de abril de 2014"#100000000000000D#"VARIOS DE OFICINA Y HOGAR"##1#1#0#0#10
387#DKU-5#"CABLE DE DATOS PARA CELULAR NOKIA "######29,50#Y#0,00#N##"lunes, 07 de abril de 2014"#100000000000000D#"VARIOS DE OFICINA Y HOGAR"#DKU-5.jpg#1#1#0#0#10
388#FORRO-NANO#"FORRO PARA IPOD NANO "######16,39#Y#0,00#N##"lunes, 07 de abril de 2014"#100000000000000D#"VARIOS DE OFICINA Y HOGAR"##1#1#0#0#10
389#FSCANNER#"FORRO PARA SCANNER "######975,98#Y#0,00#N##"lunes, 07 de abril de 2014"#100000000000000D#"VARIOS DE OFICINA Y HOGAR"##1#1#0#0#10
390#LC-31/2#"LIMPIA CABEZAL PARA FLOPPY DE 3 1 / 2'' "######4,92#Y#0,00#N##"lunes, 07 de abril de 2014"#100000000000000D#"VARIOS DE OFICINA Y HOGAR"##1#1#0#0#10
391#MC-60#"MICROCASSETTE 60MIN PAQ 3 MAXELL "######8,08#Y#0,00#N##"lunes, 07 de abril de 2014"#100000000000000D#"VARIOS DE OFICINA Y HOGAR"#MC-60.png#1#1#0#0#10
392#SABA-1400#"SABA DISNEY BOLSO PLEGABLE MODERNO (SABA-1400) "######154326,57#Y#0,00#N##"miércoles, 27 de septiembre de 2017"#100000000000000D#"VARIOS DE OFICINA Y HOGAR"##1#1#0#0#10
393#SABA-1402#"SABA DISNEY BOLSO PLEGABLE NOTIFF MINNIE (SABA-1402) "######154326,57#Y#0,00#N##"miércoles, 27 de septiembre de 2017"#100000000000000D#"VARIOS DE OFICINA Y HOGAR"##1#1#0#0#10
394#SABA-1403#"SABA DISNEY BOLSO PLEGABLE 1403 NOTIFF MINNIE (SABA-1403) "######154326,57#Y#0,00#N##"miércoles, 27 de septiembre de 2017"#100000000000000D#"VARIOS DE OFICINA Y HOGAR"##1#1#0#0#10
395#SABA-1404#"SABA BOLSO PLEGABLES PUNTOS (SABA-1404) "######154326,57#Y#0,00#N##"miércoles, 27 de septiembre de 2017"#100000000000000D#"VARIOS DE OFICINA Y HOGAR"##1#1#0#0#10
396#SABA-1405#"SABA BOLSO PLEGABLE CLASICO (SABA-1405) "######154326,57#Y#0,00#N##"miércoles, 27 de septiembre de 2017"#100000000000000D#"VARIOS DE OFICINA Y HOGAR"##1#1#0#0#10
397#SABA-1407#"SABA BOLSO PLEGABLE ZIGZAG (SABA-1407) "######154326,57#Y#0,00#N##"miércoles, 27 de septiembre de 2017"#100000000000000D#"VARIOS DE OFICINA Y HOGAR"##1#1#0#0#10
398#C640WL#"CARTUCHO HP 60 NEGRO "######722910,72#Y#0,00#N##"miércoles, 27 de septiembre de 2017"#1G000000000000A0#"CONSUMIBLES HP"#C640WL.png#1#1#0#0#10
399#C643WL#"CARTUCHO HP 60 COLOR "######1154,45#Y#0,00#N##"lunes, 07 de abril de 2014"#1G000000000000A0#"CONSUMIBLES HP"#C643WL.png#1#1#0#0#10
400#C9351A#"CARTUCHO NEGRO HP 21 "######719072,26#Y#0,00#N##"miércoles, 27 de septiembre de 2017"#1G000000000000A0#"CONSUMIBLES HP"##1#1#0#0#10
401#C9352A#"CARTUCHO COLOR HP 22 "######1170,25#Y#0,00#N##"lunes, 07 de abril de 2014"#1G000000000000A0#"CONSUMIBLES HP"#C9352A.png#1#1#0#0#10
402#CB335WL#"CARTUCHO HP 74 NEGRO "######1744,83#Y#0,00#N##"lunes, 07 de abril de 2014"#1G000000000000A0#"CONSUMIBLES HP"##1#1#0#0#10
403#CB435A#"TONER NEGRO CB435A "######938380,64#Y#0,00#N##"miércoles, 27 de septiembre de 2017"#1G000000000000A0#"CONSUMIBLES HP"#CB435A.png#1#1#0#0#10
404#CB541A#"TONER HP CB541A CYAN "######3465,83#Y#0,00#N##"lunes, 07 de abril de 2014"#1G000000000000A0#"CONSUMIBLES HP"#CB541A.jpg#1#1#0#0#10
405#CC532A#"TONER HP AMARILLO CM2320 (CC532A) "######5875,14#Y#0,00#N##"lunes, 07 de abril de 2014"#1G000000000000A0#"CONSUMIBLES HP"#CC532A.png#1#1#0#0#10
406#CC533A#"TONER HP MAGENTA CM2320 (CC533A) "######4307,56#Y#0,00#N##"lunes, 07 de abril de 2014"#1G000000000000A0#"CONSUMIBLES HP"#CC533A.png#1#1#0#0#10
407#CD972A#"CARTUCHO HP 920XL CYAN (CD972A)  "######178,62#Y#0,00#N##"lunes, 07 de abril de 2014"#1G000000000000A0#"CONSUMIBLES HP"#CD972A.png#1#1#0#0#10
408#CE278A#"TONER HP CE278 NEGRO "######1106969,08#Y#0,00#N##"miércoles, 27 de septiembre de 2017"#1G000000000000A0#"CONSUMIBLES HP"#CE278A.png#1#1#0#0#10
409#CE280A#"TONER HP NEGRO 80A (CE280A) "######1528491,70#Y#0,00#N##"miércoles, 27 de septiembre de 2017"#1G000000000000A0#"CONSUMIBLES HP"#CE280A.png#1#1#0#0#10
410#CE321A#"TONER HP 128 CYAN (CE321A) "######3415,24#Y#0,00#N##"lunes, 07 de abril de 2014"#1G000000000000A0#"CONSUMIBLES HP"#CE321A.png#1#1#0#0#10
411#CE322A#"TONER HP 128 AMARILLO (CE322A) "######1736,24#Y#0,00#N##"lunes, 07 de abril de 2014"#1G000000000000A0#"CONSUMIBLES HP"#CE322A.png#1#1#0#0#10
412#CE323A#"TONER HP 128 MAGENTA (CE323A) "######3415,24#Y#0,00#N##"lunes, 07 de abril de 2014"#1G000000000000A0#"CONSUMIBLES HP"#CE323A.png#1#1#0#0#10
413#CF283A#"TONER HP 83A NEGRO (CF283A) "######1317730,39#Y#0,00#N##"miércoles, 27 de septiembre de 2017"#1G000000000000A0#"CONSUMIBLES HP"#CF283A.png#1#1#0#0#10
414#CH561HL#"CARTUCHO HP 122 NEGRO "######433746,43#Y#0,00#N##"miércoles, 27 de septiembre de 2017"#1G000000000000A0#"CONSUMIBLES HP"##1#1#0#0#10
415#CH562HL#"CARTUCHO HP 122 COLOR "######536105,47#Y#0,00#N##"miércoles, 27 de septiembre de 2017"#1G000000000000A0#"CONSUMIBLES HP"#CH562HL.png#1#1#0#0#10
416#CZ103AL#"CARTUCHO HP 662 NEGRO (CZ103AL) "######1084,72#Y#0,00#N##"lunes, 07 de abril de 2014"#1G000000000000A0#"CONSUMIBLES HP"#CZ103AL.png#1#1#0#0#10
417#CZ104AL#"CARTUCHO HP 662 COLOR (CZ104AL) "######737,77#Y#0,00#N##"lunes, 07 de abril de 2014"#1G000000000000A0#"CONSUMIBLES HP"#CZ104AL.png#1#1#0#0#10
418#CZ114AL#"CARTUCHO HP 670 CYAN (CZ114AL) "######1062,37#Y#0,00#N##"lunes, 07 de abril de 2014"#1G000000000000A0#"CONSUMIBLES HP"#CZ114AL.png#1#1#0#0#10
419#CZ115AL#"CARTUCHO HP 670 MAGENTA (CZ115AL) "######1062,37#Y#0,00#N##"lunes, 07 de abril de 2014"#1G000000000000A0#"CONSUMIBLES HP"#CZ115AL.png#1#1#0#0#10
420#CZ116AL#"CARTUCHO HP 670 AMARILLO (CZ116AL) "######741,74#Y#0,00#N##"lunes, 07 de abril de 2014"#1G000000000000A0#"CONSUMIBLES HP"#CZ116AL.png#1#1#0#0#10
421#CZ118AL#"CARTUCHO HP 670 XL CYAN (CZ118AL) "######147742,41#Y#0,00#N##"miércoles, 27 de septiembre de 2017"#1G000000000000A0#"CONSUMIBLES HP"#CZ118AL.png#1#1#0#0#10
422#CZ119AL#"CARTUCHO HP 670 XL MAGENTA (CZ119AL) "######147742,41#Y#0,00#N##"miércoles, 27 de septiembre de 2017"#1G000000000000A0#"CONSUMIBLES HP"#CZ119AL.png#1#1#0#0#10
423#F6V28AL#"CARTUCHO HP 664 COLOR (F6V28AL) "######374250,24#Y#0,00#N##"miércoles, 27 de septiembre de 2017"#1G000000000000A0#"CONSUMIBLES HP"##1#1#0#0#10
424#F6V29AL#"CARTUCHO HP 664 NEGRO (F6V29AL) "######374250,24#Y#0,00#N##"miércoles, 27 de septiembre de 2017"#1G000000000000A0#"CONSUMIBLES HP"##1#1#0#0#10
425#M0H54AL#"BOTELLA DE TINTA ORIGINAL HP CYAN GT52 (M0H54AL) "######415112,87#Y#0,00#N##"miércoles, 27 de septiembre de 2017"#1G000000000000A0#"CONSUMIBLES HP"##1#1#0#0#10
426#M0H55AL#"BOTELLA DE TINTA ORIGINAL HP MAGENTA GT52 (M0H55AL) "######415112,87#Y#0,00#N##"miércoles, 27 de septiembre de 2017"#1G000000000000A0#"CONSUMIBLES HP"##1#1#0#0#10
427#M0H56AL#"BOTELLA DE TINTA ORIGIANL HP AMARILLA GT52 (M0H56AL) "######415112,87#Y#0,00#N##"miércoles, 27 de septiembre de 2017"#1G000000000000A0#"CONSUMIBLES HP"##1#1#0#0#10
428#M0H57AL#"BOTELLA DE TINTA ORIGINAL HP NEGRA GT51 (M0H57AL) "######427101,69#Y#0,00#N##"miércoles, 27 de septiembre de 2017"#1G000000000000A0#"CONSUMIBLES HP"##1#1#0#0#10
429#T038120#"CARTUCHO NEGRO C43 "######121,54#Y#0,00#N##"lunes, 07 de abril de 2014"#10000000000000A\#"CONSUMIBLES EPSON"#T038120.png#1#1#0#0#10
430#T103120#"CARTUCHO EPSON NEGRO T103120 "######130,14#Y#0,00#N##"lunes, 07 de abril de 2014"#10000000000000A\#"CONSUMIBLES EPSON"#T103120.png#1#1#0#0#10
431#T103320#"CARTUCHO EPSON MAGENTA T103320 "######73,95#Y#0,00#N##"lunes, 07 de abril de 2014"#10000000000000A\#"CONSUMIBLES EPSON"#T103320.png#1#1#0#0#10
432#T103420#"CARTUCHO EPSON AMARILLO T103420 "######73,95#Y#0,00#N##"lunes, 07 de abril de 2014"#10000000000000A\#"CONSUMIBLES EPSON"#T103420.png#1#1#0#0#10
433#T133320#"CARTUCHO EPSON T133320 MAGENTA "######110,78#Y#0,00#N##"lunes, 07 de abril de 2014"#10000000000000A\#"CONSUMIBLES EPSON"#T133320.png#1#1#0#0#10
434#T133420#"CARTUCHO EPSON T133420 AMARILLO "######110,78#Y#0,00#N##"lunes, 07 de abril de 2014"#10000000000000A\#"CONSUMIBLES EPSON"#T133420.png#1#1#0#0#10
435#T195420#"CARTUCHO EPSON 195 AMARILLO (T195420) "######709,33#Y#0,00#N##"lunes, 07 de abril de 2014"#10000000000000A\#"CONSUMIBLES EPSON"#T195420.png#1#1#0#0#10
436#T664120#"CARTUCHO EPSON NEGRO L200 (T664120) "######679,17#Y#0,00#N##"lunes, 07 de abril de 2014"#10000000000000A\#"CONSUMIBLES EPSON"#T664120.png#1#1#0#0#10
437#T664220#"CARTUCHO EPSON CYAN L200 (T66420) "######681,35#Y#0,00#N##"lunes, 07 de abril de 2014"#10000000000000A\#"CONSUMIBLES EPSON"#T664220.png#1#1#0#0#10
438#T664320#"CARTUCHO EPSON MAGENTA L200 (T664320) "######150,10#Y#0,00#N##"lunes, 07 de abril de 2014"#10000000000000A\#"CONSUMIBLES EPSON"#T664320.png#1#1#0#0#10
439#T664420#"CARTUCHO EPSON AMARILLO L200 (T664420) "######482,19#Y#0,00#N##"lunes, 07 de abril de 2014"#10000000000000A\#"CONSUMIBLES EPSON"#T664420.png#1#1#0#0#10
440#CINTA5000#"CINTA PARA IMPRESOR EPSON DFX-5000 "######96,58#Y#0,00#N##"lunes, 07 de abril de 2014"#100000000000000O#"CINTAS PARA IMPRESORAS"#CINTA5000.jpg#1#1#0#0#10
441#ERC38B#"CINTA EPSON NEGRA ORIGINAL PARA IMPRESOR TMU 200 / 370 "######117,71#Y#0,00#N##"lunes, 07 de abril de 2014"#100000000000000O#"CINTAS PARA IMPRESORAS"#ERC38B.png#1#1#0#0#10
442#S015091#"CINTA PARA IMPRESOR EPSON FX-980 "######102,74#Y#0,00#N##"lunes, 07 de abril de 2014"#100000000000000O#"CINTAS PARA IMPRESORAS"#S015091.png#1#1#0#0#10
443#S015631#"CINTA EPSON LX-350 S015631 "######236336,79#Y#0,00#N##"miércoles, 27 de septiembre de 2017"#100000000000000O#"CINTAS PARA IMPRESORAS"#S015631.png#1#1#0#0#10
444#DELCOPCL3055MG#"TONER DELCOP MAGENTA CL3005 / 3008 / 3009 "######1138,70#Y#0,00#N##"lunes, 07 de abril de 2014"#10000000000000Am#"CONSUMIBLES Y EQUIPOS DELCOP"#DELCOPCL3055MG.png#1#1#0#0#10
445#REPUESTO-FX377#"ROLLO DE IMPRESION DELCOP FX377 "######141,55#Y#0,00#N##"lunes, 07 de abril de 2014"#10000000000000Am#"CONSUMIBLES Y EQUIPOS DELCOP"#REPUESTO-FX377.jpg#1#1#0#0#10
446#GPR-16#"TONER CANON GPR-16 "######1121330,95#Y#0,00#N##"miércoles, 27 de septiembre de 2017"#10000000000000Ae#"CONSUMIBLES CANON"#GPR-16.png#1#1#0#0#10
447#GPR-22#"TONER CANON GPR-22 "######986555,59#Y#0,00#N##"miércoles, 27 de septiembre de 2017"#10000000000000Ae#"CONSUMIBLES CANON"#GPR-22.png#1#1#0#0#10
448#G-CB541A#"TONER GENERICO CB541A CYAN "######1318,65#Y#0,00#N##"lunes, 07 de abril de 2014"#10000000000000Ak#"CONSUMIBLES GENERICOS"##1#1#0#0#10
449#G-CB542A#"TONER GENERICO CB-542A AMARILLO "######294282,24#Y#0,00#N##"miércoles, 27 de septiembre de 2017"#10000000000000Ak#"CONSUMIBLES GENERICOS"##1#1#0#0#10
450#G-CB543A#"TONER GENERICO CB-543A MAGENTA "######294282,24#Y#0,00#N##"miércoles, 27 de septiembre de 2017"#10000000000000Ak#"CONSUMIBLES GENERICOS"##1#1#0#0#10
451#G-CE255A#"TONER GENERICO CE255A "######371051,52#Y#0,00#N##"miércoles, 27 de septiembre de 2017"#10000000000000Ak#"CONSUMIBLES GENERICOS"#G-CE255A.png#1#1#0#0#10
452#G-CE311A#"TONER GENERICO CE311A 126A CYAN (SC-H311C) "######2531,51#Y#0,00#N##"lunes, 07 de abril de 2014"#10000000000000Ak#"CONSUMIBLES GENERICOS"#G-CE311A#1#1#0#0#10
453#G-CE312A#"TONER GENERICO CE312A 126A YELLOW (SC-H312Y) "######2531,51#Y#0,00#N##"lunes, 07 de abril de 2014"#10000000000000Ak#"CONSUMIBLES GENERICOS"#G-CE312A.jpg#1#1#0#0#10
454#G-CE321C#"TONER GENERICO CE321A 128A CYAN (SC-H321C) "######1475,10#Y#0,00#N##"lunes, 07 de abril de 2014"#10000000000000Ak#"CONSUMIBLES GENERICOS"##1#1#0#0#10
455#G-CE322Y#"TONER GENERICO CE322A 128A YELLOW (SC-H322Y) "######1475,10#Y#0,00#N##"lunes, 07 de abril de 2014"#10000000000000Ak#"CONSUMIBLES GENERICOS"##1#1#0#0#10
456#G-CE323M#"TONER GENERICO CE323A 128A MAGENTA (SC-H323M) "######1475,10#Y#0,00#N##"lunes, 07 de abril de 2014"#10000000000000Ak#"CONSUMIBLES GENERICOS"##1#1#0#0#10
457#G-CF210A#"TONER GENERICO 131A NEGRO (G-CF210A) "######754897,92#Y#0,00#N##"miércoles, 27 de septiembre de 2017"#10000000000000Ak#"CONSUMIBLES GENERICOS"##1#1#0#0#10
458#G-CF211A#"TONER GENERICO 131A AMARILLO (G-CF211A) "######703718,40#Y#0,00#N##"miércoles, 27 de septiembre de 2017"#10000000000000Ak#"CONSUMIBLES GENERICOS"##1#1#0#0#10
459#G-CF212A#"TONER GENERICO 131A AZUL (G-CF212A) "######703718,40#Y#0,00#N##"miércoles, 27 de septiembre de 2017"#10000000000000Ak#"CONSUMIBLES GENERICOS"##1#1#0#0#10
460#G-CF213A#"TONER GENERICO 131A MAGENTA (G-CF213A) "######703718,40#Y#0,00#N##"miércoles, 27 de septiembre de 2017"#10000000000000Ak#"CONSUMIBLES GENERICOS"##1#1#0#0#10
461#G-CF283A#"TONER GENERICO CF283A (G-CF283A) "######236705,28#Y#0,00#N##"miércoles, 27 de septiembre de 2017"#10000000000000Ak#"CONSUMIBLES GENERICOS"##1#1#0#0#10
462#G-Q6001A#"TONER GENERICO Q6001A "######3664,52#Y#0,00#N##"lunes, 07 de abril de 2014"#10000000000000Ak#"CONSUMIBLES GENERICOS"##1#1#0#0#10
463#GERC-27#"CINTA GENERICA ERC-37 "######35,76#Y#0,00#N##"lunes, 07 de abril de 2014"#10000000000000Ak#"CONSUMIBLES GENERICOS"##1#1#0#0#10
464#SC-100MLNEGRO#"TINTA EN BOTELLA 100 ML NEGRO COMPATIBLE EPSON (SC-100MLNEGRO)  "######37105,15#Y#0,00#N##"miércoles, 27 de septiembre de 2017"#10000000000000Ak#"CONSUMIBLES GENERICOS"##1#1#0#0#10
465#SC-128C#"TONER GENERICO CANON 128 (SC-128C) "######243083,10#Y#0,00#N##"miércoles, 27 de septiembre de 2017"#10000000000000Ak#"CONSUMIBLES GENERICOS"##1#1#0#0#10
466#SC-HP21NXL#"TINTA COMPATIBLE HP 21 XL NEGRO (SC-HP21NXL) "######307140,63#Y#0,00#N##"miércoles, 27 de septiembre de 2017"#10000000000000Ak#"CONSUMIBLES GENERICOS"##1#1#0#0#10
467#SC-HP670CXL#"TINTA COMPATIBLE HP 670 CYAN XL (SC-HP670CXL) "######148314,93#Y#0,00#N##"miércoles, 27 de septiembre de 2017"#10000000000000Ak#"CONSUMIBLES GENERICOS"##1#1#0#0#10
468#SC-HP670MXL#"TINTA COMPATIBLE HP 670 MAGENTA XL (SC-HP670MXL) "######148314,93#Y#0,00#N##"miércoles, 27 de septiembre de 2017"#10000000000000Ak#"CONSUMIBLES GENERICOS"##1#1#0#0#10
469#SC-HP670YXL#"TINTA COMPATIBLE HP 670 AMARILLO XL (SC-HP670YXL) "######148314,93#Y#0,00#N##"miércoles, 27 de septiembre de 2017"#10000000000000Ak#"CONSUMIBLES GENERICOS"##1#1#0#0#10
470#SC-HP92NXL#"TINTA COMPATIBLE HP 92 XL NEGRO (SC-HP92NXL) "######298170,52#Y#0,00#N##"miércoles, 27 de septiembre de 2017"#10000000000000Ak#"CONSUMIBLES GENERICOS"##1#1#0#0#10
471#SC-T1332#"CARTUCHO COMPATIBLE EPSON 133 CYAN (SC-T1332) "######34990,27#Y#0,00#N##"miércoles, 27 de septiembre de 2017"#10000000000000Ak#"CONSUMIBLES GENERICOS"##1#1#0#0#10
472#SC-T1334#"CARTUCHO COMPATIBLE EPSON 133 AMARILLO (SC-T1334) "######34990,27#Y#0,00#N##"miércoles, 27 de septiembre de 2017"#10000000000000Ak#"CONSUMIBLES GENERICOS"##1#1#0#0#10
473#SC-T1361#"CARTUCHO COMPATIBLE EPSON 136 NEGRO (SC-T1361) "######58216,70#Y#0,00#N##"miércoles, 27 de septiembre de 2017"#10000000000000Ak#"CONSUMIBLES GENERICOS"##1#1#0#0#10
474#SC-T1953#"CARTUCHO COMPATIBLE EPSON 195 MAGENTA (SC-T1953) "######53033,20#Y#0,00#N##"miércoles, 27 de septiembre de 2017"#10000000000000Ak#"CONSUMIBLES GENERICOS"##1#1#0#0#10
475#T063220G#"CARTUCHO T063220 GENERICO "######26,82#Y#0,00#N##"lunes, 07 de abril de 2014"#10000000000000Ak#"CONSUMIBLES GENERICOS"##1#1#0#0#10
476#T063320G#"CARTUCHO T063320 GENERICO "######26,82#Y#0,00#N##"lunes, 07 de abril de 2014"#10000000000000Ak#"CONSUMIBLES GENERICOS"##1#1#0#0#10
477#TCE200A#"TINTA AMARILLA PARA EPSON L200 / 210 / 300 / 355 (TCE200A) "######39600,15#Y#0,00#N##"miércoles, 27 de septiembre de 2017"#10000000000000Ak#"CONSUMIBLES GENERICOS"##1#1#0#0#10
478#TCE200C#"TINTA CYAN PARA EPSON L200 / L210 / L300 / L355 (TCE200C) "######39600,15#Y#0,00#N##"miércoles, 27 de septiembre de 2017"#10000000000000Ak#"CONSUMIBLES GENERICOS"##1#1#0#0#10
479#TCE200M#"TINTA MAGENTA PARA EPSON L200 / L210 / L300 / L355 (TCE200M) "######39600,15#Y#0,00#N##"miércoles, 27 de septiembre de 2017"#10000000000000Ak#"CONSUMIBLES GENERICOS"##1#1#0#0#10
480#TCE200N#"TINTA NEGRA PARA EPSON L200 / L210 / L300 / L355 (TCE200N) "######51115,55#Y#0,00#N##"miércoles, 27 de septiembre de 2017"#10000000000000Ak#"CONSUMIBLES GENERICOS"##1#1#0#0#10
481#ML-1210#"TONER SAMSUNG ML1010-1020 "######210,09#Y#0,00#N##"lunes, 07 de abril de 2014"#10000000000000A`#"CONSUMIBLE SAMSUNG"##1#1#0#0#10
482#ML-1710D3#"TONER SAMSUNG PARA IMP ML-1710 "######792,44#Y#0,00#N##"lunes, 07 de abril de 2014"#10000000000000A`#"CONSUMIBLE SAMSUNG"##1#1#0#0#10
483#MLT-D101S#"TONER SAMSUNG MLT-D101S "######1149633,77#Y#0,00#N##"miércoles, 27 de septiembre de 2017"#10000000000000A`#"CONSUMIBLE SAMSUNG"##1#1#0#0#10
484#C500H2CG#"TONER LEXMARK CYAN C500H2CG "######929,76#Y#0,00#N##"lunes, 07 de abril de 2014"#10000000000000A_#"CONSUMIBLES LEXMARK"##1#1#0#0#10
485#C500H2MG#"TONER LEXMARK MAGENTA C500H2MG "######929,76#Y#0,00#N##"lunes, 07 de abril de 2014"#10000000000000A_#"CONSUMIBLES LEXMARK"##1#1#0#0#10
486#C500H2YG#"TONER LEMARK AMARILLO C500H2YG "######929,76#Y#0,00#N##"lunes, 07 de abril de 2014"#10000000000000A_#"CONSUMIBLES LEXMARK"##1#1#0#0#10
487#C540H1CG#"TONER LEXMARK C540H1CG AZUL "######1107,67#Y#0,00#N##"lunes, 07 de abril de 2014"#10000000000000A_#"CONSUMIBLES LEXMARK"##1#1#0#0#10
488#T654X11L#"TONER LEXAMRK T654X11L "######4455,10#Y#0,00#N##"lunes, 07 de abril de 2014"#10000000000000A_#"CONSUMIBLES LEXMARK"##1#1#0#0#10
489#PTO0731#"PRINTON CARTUCHO COMPATIBLE EPSON 73 NEGRO (PTO0731) "######41239,41#Y#0,00#N##"miércoles, 27 de septiembre de 2017"#10000000000000BR#"CONSUMIBLES PRINTON"##1#1#0#0#10
490#PTO0732#"PRINTON CARTUCHO COMPATIBLE EPSON 73 CYAN (PTO0732) "######37407,15#Y#0,00#N##"miércoles, 27 de septiembre de 2017"#10000000000000BR#"CONSUMIBLES PRINTON"##1#1#0#0#10
491#PTO0733#"PRINTON CARTUCHO COMPATIBLE EPSON 73 MAGENTA (PTO0733) "######37407,15#Y#0,00#N##"miércoles, 27 de septiembre de 2017"#10000000000000BR#"CONSUMIBLES PRINTON"##1#1#0#0#10
492#PTO0734#"PRINTON CARTUCHO COMPATIBLE EPSON 73 AMARILLO (PTO0734) "######37407,15#Y#0,00#N##"miércoles, 27 de septiembre de 2017"#10000000000000BR#"CONSUMIBLES PRINTON"##1#1#0#0#10
493#PTO122AC#"PRINTON CARTUCHO COMPTIBLE CON HP 122XL COLOR (PTO122AC) "######437346,02#Y#0,00#N##"miércoles, 27 de septiembre de 2017"#10000000000000BR#"CONSUMIBLES PRINTON"##1#1#0#0#10
494#PTO122AN#"PRINTON CARTUCHO COMPATIBLE CON HP 122XL NEGRO (PTO122AN) "######437346,02#Y#0,00#N##"miércoles, 27 de septiembre de 2017"#10000000000000BR#"CONSUMIBLES PRINTON"##1#1#0#0#10
495#PTO21XL#"PRINTON CARTUCHO COMPATIBLE CON HP 21XL (PTO21XL) "######272445,92#Y#0,00#N##"miércoles, 27 de septiembre de 2017"#10000000000000BR#"CONSUMIBLES PRINTON"##1#1#0#0#10
496#PTO22XL#"PRINTON CARTUCHO COMPATIBLE HP 22XL (PTO22XL) "######314955,89#Y#0,00#N##"miércoles, 27 de septiembre de 2017"#10000000000000BR#"CONSUMIBLES PRINTON"##1#1#0#0#10
497#PTO2612A#"PRINTON COMPATIBLE HP Q2612A (PTO2612A) "######230307,84#Y#0,00#N##"miércoles, 27 de septiembre de 2017"#10000000000000BR#"CONSUMIBLES PRINTON"##1#1#0#0#10
498#PTO278/285/435#"PRINTON TONER UNIVERSAL COMPATIBLE HP NEGRO 278A285A435A436A388 (PTO278 / 285 / 435)  "######243102,72#Y#0,00#N##"miércoles, 27 de septiembre de 2017"#10000000000000BR#"CONSUMIBLES PRINTON"##1#1#0#0#10
499#PTO278A#"PRINTON COMPATIBLE HP 78A Y CANON 128 (PTO278A)  "######230307,84#Y#0,00#N##"miércoles, 27 de septiembre de 2017"#10000000000000BR#"CONSUMIBLES PRINTON"##1#1#0#0#10
500#PTO543A#"PRINTON PTO543A COMPATIBLE HP 125A MAGENTA (PTO543A) "######294282,24#Y#0,00#N##"miércoles, 27 de septiembre de 2017"#10000000000000BR#"CONSUMIBLES PRINTON"##1#1#0#0#10
501#PTO60C#"PRINTON CARTUCHO COMPATIBLE CON HP 60 COLOR (PTO60C) "######341381,47#Y#0,00#N##"miércoles, 27 de septiembre de 2017"#10000000000000BR#"CONSUMIBLES PRINTON"##1#1#0#0#10
502#PTO60N#"PRINTON CARTUCHO COMPATIBLE CON HP 60 NEGRO (PTO60N) "######341381,63#Y#0,00#N##"miércoles, 27 de septiembre de 2017"#10000000000000BR#"CONSUMIBLES PRINTON"##1#1#0#0#10
503#PTO670C#"PRINTON CARTUCHO COMPATIBLE CON HP 670 CYAN (PTO670C) "######103098,54#Y#0,00#N##"miércoles, 27 de septiembre de 2017"#10000000000000BR#"CONSUMIBLES PRINTON"##1#1#0#0#10
504#PTO670M#"PRINTON CARTUCHO COMPATIBLE CON HP 670 MAGENTA (PTO670M) "######103098,53#Y#0,00#N##"miércoles, 27 de septiembre de 2017"#10000000000000BR#"CONSUMIBLES PRINTON"##1#1#0#0#10
505#PTO670Y#"PRINTON CARTUCHO COMPATIBLE CON HP 670 AMARILLO (PTO670Y) "######103098,53#Y#0,00#N##"miércoles, 27 de septiembre de 2017"#10000000000000BR#"CONSUMIBLES PRINTON"##1#1#0#0#10
506#PTO74XL#"PRINTON CARTUCHO COMPTIBLE CON HP 74XL NEGRO (PTO74XL) "######282611,26#Y#0,00#N##"miércoles, 27 de septiembre de 2017"#10000000000000BR#"CONSUMIBLES PRINTON"##1#1#0#0#10
507#PTO88B#"PRINTON CARTUCHO COMPATIBLE CON C9386A HP 88XL NEGRO (PTO88B) "######60243,82#Y#0,00#N##"miércoles, 27 de septiembre de 2017"#10000000000000BR#"CONSUMIBLES PRINTON"##1#1#0#0#10
508#PTO88C#"PRINTON CARTUCHO COMPATIBLE CON C9386A HP 88XL CYAN (PTO88C) "######60241,88#Y#0,00#N##"miércoles, 27 de septiembre de 2017"#10000000000000BR#"CONSUMIBLES PRINTON"##1#1#0#0#10
509#PTO88M#"PRINTON CARTUCHO COMPATIBLE CON C9387A HP 88XL MAGENTA (PTO88M) "######60241,88#Y#0,00#N##"miércoles, 27 de septiembre de 2017"#10000000000000BR#"CONSUMIBLES PRINTON"##1#1#0#0#10
510#PTO88Y#"PRINTON CARTUCHO COMPATIBLE CON C9388A HP 88XL AMARILLO (PTO88Y) "######60243,82#Y#0,00#N##"miércoles, 27 de septiembre de 2017"#10000000000000BR#"CONSUMIBLES PRINTON"##1#1#0#0#10
511#PTO920B#"PRINTON CARTUCHO COMPATIBLE HP 920 NEGRO CD975AL (PTO920B) "######80457,28#Y#0,00#N##"miércoles, 27 de septiembre de 2017"#10000000000000BR#"CONSUMIBLES PRINTON"##1#1#0#0#10
512#PTO920C#"PRINTON CARTUCHO COMPATIBLE HP 920 CYAN CD927AL (PTO920C) "######80457,28#Y#0,00#N##"miércoles, 27 de septiembre de 2017"#10000000000000BR#"CONSUMIBLES PRINTON"##1#1#0#0#10
513#PTO920M#"PRINTON CARTUCHO COMPATIBLE HP 920 MAGENTA CD973AL (PTO920M) "######80457,28#Y#0,00#N##"miércoles, 27 de septiembre de 2017"#10000000000000BR#"CONSUMIBLES PRINTON"##1#1#0#0#10
514#PTO920Y#"PRINTON CARTUCHO COMPATIBLE HP 920 AMARILLO CD974AL (PTO920Y) "######80457,28#Y#0,00#N##"miércoles, 27 de septiembre de 2017"#10000000000000BR#"CONSUMIBLES PRINTON"##1#1#0#0#10
515#PTO92A#"PRINTON CARTUCHO COMPATIBLE HP 92 NEGRO C9362WL (PTO92A) "######246587,42#Y#0,00#N##"miércoles, 27 de septiembre de 2017"#10000000000000BR#"CONSUMIBLES PRINTON"##1#1#0#0#10
516#PTO98A#"PRINTON CARTUCHO COMPATIBLE CON HP 98A NEGRO (PTO98A) "######165361,95#Y#0,00#N##"miércoles, 27 de septiembre de 2017"#10000000000000BR#"CONSUMIBLES PRINTON"##1#1#0#0#10
517#PTOERC30P#"PRINTON CINTA COMPATIBLE EPSON 30 34 38 (PTOERC30P) "######50538,49#Y#0,00#N##"miércoles, 27 de septiembre de 2017"#10000000000000BR#"CONSUMIBLES PRINTON"##1#1#0#0#10
518#PTOGPR10#"PRINTON TONER COMPATIBLE CANON GPR10 NEGRO (PTOGPR10) "######238137,38#Y#0,00#N##"miércoles, 27 de septiembre de 2017"#10000000000000BR#"CONSUMIBLES PRINTON"##1#1#0#0#10
519#L2733A#"SCANNER HP SCANJET 300 4800ppp (L2733A) "######5135558,38#Y#0,00#N##"miércoles, 27 de septiembre de 2017"#10000000000000Az#"SCANNERS Y PROYECTORES"##1#1#0#0#10
520#ADAPKODAKMYV#"ADAPTADOR DE CORRIENTE USB PARA CAMARA KODAK SERIE M Y V "######0,00#Y#0,00#N##"lunes, 07 de abril de 2014"#10000000000000Aa#"CAMARAS Y ACCESORIOS"##1#1#0#0#10
521#S-CB-0113#"ESTUCHE CAMARA DIGITAL S-CB-0113 "######53,64#Y#0,00#N##"lunes, 07 de abril de 2014"#10000000000000Aa#"CAMARAS Y ACCESORIOS"#S-CB-0113.jpg#1#1#0#0#10
522#SDK-LC#"SANSA BLACK LEATHER CASE  "######49,17#Y#0,00#N##"lunes, 07 de abril de 2014"#10000000000000Af#"SAND DISK"#SDK-LC.png#1#1#0#0#10
523#KXFA55#"TONER PARA FAX PANASONIC "######149,28#Y#0,00#N##"lunes, 07 de abril de 2014"#100000000000000L#"PANASONIC"#KXFA55.png#1#1#0#0#10
524#KXFA65#"PELICULA PARA FAX PANASONIC KXFP-101 105 11 121 141 (KXFA65) "######102,48#Y#0,00#N##"lunes, 07 de abril de 2014"#100000000000000L#"PANASONIC"#KXFA65.jpg#1#1#0#0#10
525#IME-41236#"CARGADOR UNIVERSAL USB TO 5V (IME-41236) "######85943,36#Y#0,00#N##"miércoles, 27 de septiembre de 2017"#10000000000000BX#"CARGADORES"##1#1#0#0#10
526#TMOV-004#"CARGADOR MULTIPLE 10 PUNTAS (TMOV-004) "######61764,91#Y#0,00#N##"miércoles, 27 de septiembre de 2017"#10000000000000BX#"CARGADORES"##1#1#0#0#10
527#YB-802#"CARGADOR PARED 2USB YB-802 "######166624,87#Y#0,00#N##"miércoles, 27 de septiembre de 2017"#10000000000000BX#"CARGADORES"##1#1#0#0#10
528#GP-CB540A#"TONER PANATONER COMPATIBLE CB-540A (GP-CB540A) "######313474,56#Y#0,00#N##"miércoles, 27 de septiembre de 2017"#10000000000000BW#"CONSUMIBLES PANATONER"##1#1#0#0#10
529#GP-CB541A#"TONER PANATONER COMPATIBLE CB541A (GP-CB541A) "######307077,12#Y#0,00#N##"miércoles, 27 de septiembre de 2017"#10000000000000BW#"CONSUMIBLES PANATONER"##1#1#0#0#10
530#GP-CB542A#"TONER PANATONER COMPATIBLE CB542A (GP-CB542A) "######307077,12#Y#0,00#N##"miércoles, 27 de septiembre de 2017"#10000000000000BW#"CONSUMIBLES PANATONER"##1#1#0#0#10
531#GP-CB543A#"TONER PANATONER COMPATIBLE CB543A (GP-CB543A) "######307077,12#Y#0,00#N##"miércoles, 27 de septiembre de 2017"#10000000000000BW#"CONSUMIBLES PANATONER"##1#1#0#0#10
532#GP-CC530A#"TONER PANATONER COMPATIBLE CC530A (GP-CC530A) "######481087,49#Y#0,00#N##"miércoles, 27 de septiembre de 2017"#10000000000000BW#"CONSUMIBLES PANATONER"##1#1#0#0#10
533#GP-CC531A#"TONER PANATONER COMPATIBLE CC531A (GP-CC531A) "######468292,61#Y#0,00#N##"miércoles, 27 de septiembre de 2017"#10000000000000BW#"CONSUMIBLES PANATONER"##1#1#0#0#10
534#GP-CC532A#"TONER PANATONER COMPATIBLE CC532A (GP-CC532A) "######468292,61#Y#0,00#N##"miércoles, 27 de septiembre de 2017"#10000000000000BW#"CONSUMIBLES PANATONER"##1#1#0#0#10
535#GP-CC533A#"TONER PANATONER COMPATIBLE CC533A (GP-CC533A) "######468292,61#Y#0,00#N##"miércoles, 27 de septiembre de 2017"#10000000000000BW#"CONSUMIBLES PANATONER"##1#1#0#0#10
536#LC128/328/728#"TONER PANATONER COMPATIBLE CANON LC 128 (LC128 / 328 / 728) "######237345,02#Y#0,00#N##"miércoles, 27 de septiembre de 2017"#10000000000000BW#"CONSUMIBLES PANATONER"##1#1#0#0#10
537#LCR22#"TONER PANATONER COMPATIBLE GPR-22 (LCR22) "######543782,40#Y#0,00#N##"miércoles, 27 de septiembre de 2017"#10000000000000BW#"CONSUMIBLES PANATONER"##1#1#0#0#10
538#LH280A#"TONER PANATONER COMPTAIBLE HP 280A (LH280A) "######313474,56#Y#0,00#N##"miércoles, 27 de septiembre de 2017"#10000000000000BW#"CONSUMIBLES PANATONER"##1#1#0#0#10
539#LH283A#"TONER PANATONER COMPATIBLE CF283A (LH283A) "######236705,28#Y#0,00#N##"miércoles, 27 de septiembre de 2017"#10000000000000BW#"CONSUMIBLES PANATONER"##1#1#0#0#10
540#LH310A#"TONER PANATONER COMPATIBLE HP CE310A (LH310A) "######322430,98#Y#0,00#N##"miércoles, 27 de septiembre de 2017"#10000000000000BW#"CONSUMIBLES PANATONER"##1#1#0#0#10
541#LH311A#"TONER PANATONER COMPATIBLE HP CE311A (LH311A) "######317185,08#Y#0,00#N##"miércoles, 27 de septiembre de 2017"#10000000000000BW#"CONSUMIBLES PANATONER"##1#1#0#0#10
542#LH312A#"TONER PANATONER COMPATIBLE HP CE312A (LH312A) "######317185,08#Y#0,00#N##"miércoles, 27 de septiembre de 2017"#10000000000000BW#"CONSUMIBLES PANATONER"##1#1#0#0#10
543#LH313A#"TONER PANATONER COMPATIBLE HP CE313A (LH313A) "######317185,08#Y#0,00#N##"miércoles, 27 de septiembre de 2017"#10000000000000BW#"CONSUMIBLES PANATONER"##1#1#0#0#10
544#LH320A#"TONER PANATONER COMPATIBLE CE320A (LH320A) "######527788,80#Y#0,00#N##"miércoles, 27 de septiembre de 2017"#10000000000000BW#"CONSUMIBLES PANATONER"##1#1#0#0#10
545#LH505#"TONER PANATONER COMPATIBLE CE505A (LH505)  "######328700,47#Y#0,00#N##"miércoles, 27 de septiembre de 2017"#10000000000000BW#"CONSUMIBLES PANATONER"##1#1#0#0#10
546#LH5949A#"TONER PANATONER COMPATIBLE HP Q5949A (LH5949A) "######318592,51#Y#0,00#N##"miércoles, 27 de septiembre de 2017"#10000000000000BW#"CONSUMIBLES PANATONER"##1#1#0#0#10
547#LH7553A#"TONER PANATONER COMPATIBLE Q-7553A (LH7553A) "######313474,56#Y#0,00#N##"miércoles, 27 de septiembre de 2017"#10000000000000BW#"CONSUMIBLES PANATONER"##1#1#0#0#10
548#LSML-D101#"TONER PANATONER COMPATIBLE SAMSUNG D101 (LSML-D101) "######548900,35#Y#0,00#N##"miércoles, 27 de septiembre de 2017"#10000000000000BW#"CONSUMIBLES PANATONER"##1#1#0#0#10
549#LSML-D104#"TONER PANATONER COMPATIBLE SAMSUNG 104 (LSML-D104) "######411995,14#Y#0,00#N##"miércoles, 27 de septiembre de 2017"#10000000000000BW#"CONSUMIBLES PANATONER"##1#1#0#0#10
550#LSMLT-D111S#"TONER PANATONER COMPATIBLE SAMSUNG D111S (LSMLT-D111S) "######521391,36#Y#0,00#N##"miércoles, 27 de septiembre de 2017"#10000000000000BW#"CONSUMIBLES PANATONER"##1#1#0#0#10
551#ORLH2612ANN#"TONER PANATONER COMPATIBLE HP Q2612A (ORLH2612ANN) "######236705,28#Y#0,00#N##"miércoles, 27 de septiembre de 2017"#10000000000000BW#"CONSUMIBLES PANATONER"##1#1#0#0#10
552#ORLH285NNC#"TONER PANATONER COMPATIBLE HP CE285A (ORLH285NNC) "######236705,28#Y#0,00#N##"miércoles, 27 de septiembre de 2017"#10000000000000BW#"CONSUMIBLES PANATONER"##1#1#0#0#10
553#ORLN278ANNC#"TONER PANATONER COMPATIBLE HP CE278A (ORLN278ANNC) "######236705,28#Y#0,00#N##"miércoles, 27 de septiembre de 2017"#10000000000000BW#"CONSUMIBLES PANATONER"##1#1#0#0#10
554#39910003101#"CARGADOR BATERIA UNIVERSAL GENIUS ecou600 SMART PHONE - TABLET Gar.: 7 dias1) "######96155,72#Y#0,00#N##"miércoles, 27 de septiembre de 2017"#10000000000000BZ#"OFERTAS ESPECIALES(GAR 7 DIAS)"##1#1#0#0#10
555#APT100-10000M#"BATERIA EXTERNA ADATA PT100 PORTABLE PARA CELULAR 10.000mAH Gar.: 7 dias (APT100-10000M) "######335501,58#Y#0,00#N##"miércoles, 27 de septiembre de 2017"#10000000000000BZ#"OFERTAS ESPECIALES(GAR 7 DIAS)"##1#1#0#0#10
556#ASICOMOESTA#"PORT DESIGNS EN REMATE POR DEFECTOS (ASICOMOESTA) "######21705,60#Y#0,00#N##"miércoles, 27 de septiembre de 2017"#10000000000000BZ#"OFERTAS ESPECIALES(GAR 7 DIAS)"##1#1#0#0#10
557#ASICOMOESTABOL#"BOLSO EN REMATE CON DEFECTOS SIN GARANTIA (ASICOMOESTABOL) "######12016,62#Y#0,00#N##"miércoles, 27 de septiembre de 2017"#10000000000000BZ#"OFERTAS ESPECIALES(GAR 7 DIAS)"##1#1#0#0#10
558#EMTEC2500#"POWER BANK EMTEC PEANUTS AVIATOR 2500 mAh Gar.: 7 dias (EMTEC2500) "######124521,60#Y#0,00#N##"miércoles, 27 de septiembre de 2017"#10000000000000BZ#"OFERTAS ESPECIALES(GAR 7 DIAS)"##1#1#0#0#10
559#JN-2040#"CONTADORA DE BILLETES CLORIC JN-2040 Gar.: 7 dias (JN-2040) "######865240,93#Y#0,00#N##"miércoles, 27 de septiembre de 2017"#10000000000000BZ#"OFERTAS ESPECIALES(GAR 7 DIAS)"##1#1#0#0#10
560#YB-M3SV#"POWER BANK YB-M3SV PLATA 7800mAH Gar.: 7 dias (YB-M3SV) "######174974,51#Y#0,00#N##"miércoles, 27 de septiembre de 2017"#10000000000000BZ#"OFERTAS ESPECIALES(GAR 7 DIAS)"##1#1#0#0#10
561#YB-S5BL#"POWER BANK YB-S5BL AZUL 10000mAH Gar.: 7 dias (YB-S5BL) "######335501,58#Y#0,00#N##"miércoles, 27 de septiembre de 2017"#10000000000000BZ#"OFERTAS ESPECIALES(GAR 7 DIAS)"##1#1#0#0#10
562#YB-S5GD#"POWER BANK YB-S5GD GOLD 10000mAH Gar.: 7 dias (YB-S5GD) "######335501,58#Y#0,00#N##"miércoles, 27 de septiembre de 2017"#10000000000000BZ#"OFERTAS ESPECIALES(GAR 7 DIAS)"##1#1#0#0#10
